record_id,schema_version,statement_date,organization_or_domain,primary_domain,topic,claim_type,statement_paraphrase,target_date_or_timeframe,statement_source_url,statement_source_title,statement_source_tier,evaluation_date,verdict_category,display_verdict,score_points,include_in_trust_score,exclusion_reason,classification_rationale,credible_sources_contest_claim,contestation_resolution,deadline_result,eventual_outcome,factual_accuracy,deception_intent_status,outcome_summary,outcome_source_1_url,outcome_source_1_title,outcome_source_2_url,outcome_source_2_title,confidence,selection_basis,source_quality_notes,methodology_notes,legacy_methodology_notes,legacy_statement_type,legacy_verdict,legacy_weighted_reliability_score,legacy_included_in_site_percentage
TESLA-001,2.0,2006-08-02,Tesla,Business & Technology,Master plan,Promise or Commitment,Build a high-end electric sports car as the first step in Tesla's product plan.,No explicit deadline,https://www.tesla.com/secret-master-plan,The Secret Tesla Motors Master Plan,Primary,2026-07-26,True,Fulfilled,100,Yes,,The available evidence supports the central claim or shows the commitment was fulfilled as stated.,No,,No dated deadline,Fulfilled,Not applicable,Not established,Tesla put the Roadster into regular production in March 2008.,https://ir.tesla.com/press-release/tesla-motors-begins-regular-production-2008-tesla-roadster,Tesla Motors Begins Regular Production of 2008 Tesla Roadster,,,High,"High-impact, concrete, externally verifiable claim or dated commitment","Primary source and/or major wire, official record, or established fact-checker",Scored under the v2 True category at 100 points. This verdict measures demonstrated reliability and does not by itself establish deceptive intent.,"A missed deadline is scored as a reliability failure, not automatically as a deliberate lie.",Promise,FULFILLED,1.0,Yes
TESLA-002,2.0,2006-08-02,Tesla,Business & Technology,Affordable EV,Promise or Commitment,Use the initial car program to fund progressively more affordable electric cars.,No explicit deadline,https://www.tesla.com/secret-master-plan,The Secret Tesla Motors Master Plan,Primary,2026-07-26,Mostly True,Substantially Fulfilled,75,Yes,,"The central outcome occurred, with a limited qualification, deviation, or independent-evidence gap.",No,,No dated deadline,Substantially fulfilled,Not applicable,Not established,"Tesla eventually launched the mass-market Model 3, although the promised $35,000 version arrived after higher-priced versions.",https://www.reuters.com/article/world/tesla-debuts-35000-model-3-sees-loss-in-first-quarter-idUSKCN1QH2VM/,"Tesla debuts $35,000 Model 3",https://www.reuters.com/business/autos-transportation/elon-musks-late-unfulfilled-tesla-promises-2025-04-22/,Elon Musk's late and unfulfilled Tesla promises,High,"High-impact, concrete, externally verifiable claim or dated commitment","Primary source and/or major wire, official record, or established fact-checker",Scored under the v2 Mostly True category at 75 points. This verdict measures demonstrated reliability and does not by itself establish deceptive intent.,"A missed deadline is scored as a reliability failure, not automatically as a deliberate lie.",Promise,FULFILLED,0.75,Yes
TESLA-003,2.0,2006-08-02,Tesla,Business & Technology,Solar energy,Promise or Commitment,Offer zero-emission electric power generation options alongside electric cars.,No explicit deadline,https://www.tesla.com/secret-master-plan,The Secret Tesla Motors Master Plan,Primary,2026-07-26,Unresolved,Unresolved,,No,"Tesla offers the cited products, but the statement is a broad strategic goal without an objective completion threshold.","Tesla offers the cited products, but the statement is a broad strategic goal without an objective completion threshold.",No,,No dated deadline,Unresolved,Not applicable,Not established,"Tesla sells solar panels, Solar Roof and battery products, but the broad scale implied by the plan is not objectively measurable.",https://www.tesla.com/solarroof,Tesla Solar Roof,https://www.tesla.com/powerwall,Tesla Powerwall,Medium,"High-impact, concrete, externally verifiable claim or dated commitment","Primary source and/or major wire, official record, or established fact-checker","Excluded from the v2 Trust Score as Unresolved: Tesla offers the cited products, but the statement is a broad strategic goal without an objective completion threshold.",Broad strategic goals are not included in the percentage because success criteria are subjective.,Promise,PARTIALLY_FULFILLED,0.5,No
TESLA-004,2.0,2008-03-17,Tesla,Business & Technology,Model S,Promise or Commitment,Deliver Tesla's next five-passenger sports sedan in 2010.,2010,https://ir.tesla.com/press-release/tesla-motors-begins-regular-production-2008-tesla-roadster,Tesla Motors Begins Regular Production of 2008 Tesla Roadster,Primary,2026-07-26,Misleading,Fulfilled Late,50,Yes,,"The central outcome eventually occurred, but the missed deadline was material to the original claim.",No,,Missed,Partially fulfilled or materially late,Not applicable,Not established,"Customer deliveries of Model S began in June 2012, roughly two years after the stated year.",https://ir.tesla.com/press-release/tesla-motors-delivers-worlds-first-premium-electric-sedan,Tesla Motors Delivers World's First Premium Electric Sedan,,,High,"High-impact, concrete, externally verifiable claim or dated commitment","Primary source and/or major wire, official record, or established fact-checker",Scored under the v2 Misleading category at 50 points. This verdict measures demonstrated reliability and does not by itself establish deceptive intent.,"A missed deadline is scored as a reliability failure, not automatically as a deliberate lie.",Dated promise,FULFILLED_LATE,0.5,Yes
TESLA-005,2.0,2013-03,Tesla,Business & Technology,Model X,Promise or Commitment,Begin Model X production in late 2014.,Late 2014,https://ir.tesla.com/_flysystem/s3/sec/000119312513096241/d452995d10k.html,Tesla 2012 Form 10-K,Primary filing,2026-07-26,Misleading,Fulfilled Late,50,Yes,,"The central outcome eventually occurred, but the missed deadline was material to the original claim.",No,,Missed,Partially fulfilled or materially late,Not applicable,Not established,Model X deliveries began in September 2015.,https://ir.tesla.com/_flysystem/s3/sec/000156459019003165/tsla-10k_20181231-gen_0.pdf,Tesla 2018 Form 10-K,,,High,"High-impact, concrete, externally verifiable claim or dated commitment","Primary source and/or major wire, official record, or established fact-checker",Scored under the v2 Misleading category at 50 points. This verdict measures demonstrated reliability and does not by itself establish deceptive intent.,"A missed deadline is scored as a reliability failure, not automatically as a deliberate lie.",Dated promise,FULFILLED_LATE,0.5,Yes
TESLA-006,2.0,2017-07-02,Tesla,Business & Technology,Model 3 production,Promise or Commitment,"Hand over the first 30 customer Model 3 vehicles on July 28, 2017.",2017-07-28,https://www.reuters.com/article/world/uk/factbox-tesla-ceo-elon-musks-promises-to-investors-idUSKBN1I500J/,Factbox: Tesla CEO Elon Musk's promises to investors,Tier 1 independent quoting Musk,2026-07-26,True,Fulfilled On Time,100,Yes,,The documented outcome matched the central commitment within the stated deadline.,No,,Met,Fulfilled,Not applicable,Not established,"Tesla held the first Model 3 handover event on July 28, 2017.",https://www.reuters.com/article/world/uk/factbox-tesla-ceo-elon-musks-promises-to-investors-idUSKBN1I500J/,Factbox: Tesla CEO Elon Musk's promises to investors,,,High,"High-impact, concrete, externally verifiable claim or dated commitment","Primary source and/or major wire, official record, or established fact-checker",Scored under the v2 True category at 100 points. This verdict measures demonstrated reliability and does not by itself establish deceptive intent.,"A missed deadline is scored as a reliability failure, not automatically as a deliberate lie.",Dated promise,FULFILLED_ON_TIME,1.0,Yes
TESLA-007,2.0,2017-07-02,Tesla,Business & Technology,Model 3 production,Prediction or Forecast,"Produce more than 1,500 Model 3 vehicles in September 2017.",2017-09,https://www.reuters.com/article/world/uk/factbox-tesla-ceo-elon-musks-promises-to-investors-idUSKBN1I500J/,Factbox: Tesla CEO Elon Musk's promises to investors,Tier 1 independent quoting Musk,2026-07-26,False,Incorrect,0,Yes,,The measurable forecast did not occur within the stated timeframe.,No,,Missed,Unfulfilled or reversed,Not applicable,Not established,Tesla produced only 260 Model 3 vehicles in the entire third quarter of 2017.,https://www.reuters.com/article/world/uk/factbox-tesla-ceo-elon-musks-promises-to-investors-idUSKBN1I500J/,Factbox: Tesla CEO Elon Musk's promises to investors,https://ir.tesla.com/press-release/tesla-q4-2017-vehicle-production-and-deliveries,Tesla Q4 2017 vehicle production and deliveries,High,"High-impact, concrete, externally verifiable claim or dated commitment","Primary source and/or major wire, official record, or established fact-checker",Scored under the v2 False category at 0 points. This verdict measures demonstrated reliability and does not by itself establish deceptive intent.,"A missed deadline is scored as a reliability failure, not automatically as a deliberate lie.",Dated forecast,NOT_FULFILLED,0.0,Yes
TESLA-008,2.0,2017-07-02,Tesla,Business & Technology,Model 3 production,Prediction or Forecast,"Reach 20,000 Model 3 vehicles per month in December 2017.",2017-12,https://www.reuters.com/article/world/uk/factbox-tesla-ceo-elon-musks-promises-to-investors-idUSKBN1I500J/,Factbox: Tesla CEO Elon Musk's promises to investors,Tier 1 independent quoting Musk,2026-07-26,False,Incorrect,0,Yes,,The measurable forecast did not occur within the stated timeframe.,No,,Missed,Unfulfilled or reversed,Not applicable,Not established,"Tesla produced 2,425 Model 3 vehicles during the whole fourth quarter and ended the year near a 1,000-per-week rate.",https://ir.tesla.com/press-release/tesla-q4-2017-vehicle-production-and-deliveries,Tesla Q4 2017 vehicle production and deliveries,,,High,"High-impact, concrete, externally verifiable claim or dated commitment","Primary source and/or major wire, official record, or established fact-checker",Scored under the v2 False category at 0 points. This verdict measures demonstrated reliability and does not by itself establish deceptive intent.,"A missed deadline is scored as a reliability failure, not automatically as a deliberate lie.",Dated forecast,NOT_FULFILLED,0.0,Yes
TESLA-009,2.0,2017-08-02,Tesla,Business & Technology,Model 3 production,Prediction or Forecast,"Reach a Model 3 production rate of 5,000 per week by the end of 2017.",2017-12-31,https://www.reuters.com/article/world/uk/factbox-tesla-ceo-elon-musks-promises-to-investors-idUSKBN1I500J/,Factbox: Tesla CEO Elon Musk's promises to investors,Tier 1 independent quoting Musk,2026-07-26,False,Incorrect,0,Yes,,The measurable forecast did not occur within the stated timeframe.,No,,Missed,Unfulfilled or reversed,Not applicable,Not established,"Tesla ended 2017 near 1,000 Model 3 vehicles per week.",https://ir.tesla.com/press-release/tesla-q4-2017-vehicle-production-and-deliveries,Tesla Q4 2017 vehicle production and deliveries,,,High,"High-impact, concrete, externally verifiable claim or dated commitment","Primary source and/or major wire, official record, or established fact-checker",Scored under the v2 False category at 0 points. This verdict measures demonstrated reliability and does not by itself establish deceptive intent.,"A missed deadline is scored as a reliability failure, not automatically as a deliberate lie.",Dated forecast,NOT_FULFILLED,0.0,Yes
TESLA-010,2.0,2017-11-01,Tesla,Business & Technology,Model 3 production,Prediction or Forecast,"Reach approximately 5,000 Model 3 vehicles per week by late Q1 2018.",2018-03-31,https://www.reuters.com/article/world/uk/factbox-tesla-ceo-elon-musks-promises-to-investors-idUSKBN1I500J/,Factbox: Tesla CEO Elon Musk's promises to investors,Tier 1 independent quoting Musk,2026-07-26,False,Incorrect,0,Yes,,The measurable forecast did not occur within the stated timeframe.,No,,Missed,Unfulfilled or reversed,Not applicable,Not established,"Tesla reported a best week of 2,270 Model 3 vehicles before an April shutdown.",https://www.reuters.com/article/world/uk/factbox-tesla-ceo-elon-musks-promises-to-investors-idUSKBN1I500J/,Factbox: Tesla CEO Elon Musk's promises to investors,,,High,"High-impact, concrete, externally verifiable claim or dated commitment","Primary source and/or major wire, official record, or established fact-checker",Scored under the v2 False category at 0 points. This verdict measures demonstrated reliability and does not by itself establish deceptive intent.,"A missed deadline is scored as a reliability failure, not automatically as a deliberate lie.",Revised dated forecast,NOT_FULFILLED,0.0,Yes
TESLA-011,2.0,2018-05-02,Tesla,Business & Technology,Model 3 production,Prediction or Forecast,"Reach 5,000 Model 3 vehicles per week by the end of Q2 2018.",2018-06-30,https://www.reuters.com/article/technology/timeline-tesla-ceo-elon-musks-promises-to-investors-idUSKBN1I500G/,Timeline: Tesla CEO Elon Musk's promises to investors,Tier 1 independent quoting Musk,2026-07-26,Mostly True,Mostly Correct,75,Yes,,The central outcome occurred with a relatively limited delay.,No,,Missed by hours,Substantially fulfilled,Not applicable,Not established,"Tesla reported 5,031 Model 3 vehicles in the final seven days of Q2, but Reuters reported the milestone was reached hours after the quarter-end deadline.",https://www.reuters.com/article/business/exclusive-tesla-hits-model-3-manufacturing-milestone-hours-after-deadline-fa-idUSKBN1JR1WX/,Tesla hits Model 3 manufacturing milestone hours after deadline,https://ir.tesla.com/press-release/tesla-q2-2018-vehicle-production-and-deliveries,Tesla Q2 2018 vehicle production and deliveries,High,"High-impact, concrete, externally verifiable claim or dated commitment","Primary source and/or major wire, official record, or established fact-checker",Scored under the v2 Mostly True category at 75 points. This verdict measures demonstrated reliability and does not by itself establish deceptive intent.,"A missed deadline is scored as a reliability failure, not automatically as a deliberate lie.",Revised dated forecast,FULFILLED_LATE,0.75,Yes
TESLA-012,2.0,2018-07,Tesla,Business & Technology,Model 3 production,Prediction or Forecast,"Increase Model 3 production to 6,000 per week by late August 2018.",2018-08-31,https://www.reuters.com/article/technology/tesla-worried-by-china-tariffs-even-as-deliveries-surge-idUSKCN1MC1LY/,Tesla worried by China tariffs even as deliveries surge,Tier 1 independent quoting Musk,2026-07-26,False,Incorrect,0,Yes,,The measurable forecast did not occur within the stated timeframe.,No,,Missed,Unfulfilled or reversed,Not applicable,Not established,"Tesla averaged roughly 4,300 Model 3 vehicles per week in Q3 2018 rather than sustaining 6,000.",https://www.reuters.com/article/technology/tesla-worried-by-china-tariffs-even-as-deliveries-surge-idUSKCN1MC1LY/,Tesla worried by China tariffs even as deliveries surge,,,High,"High-impact, concrete, externally verifiable claim or dated commitment","Primary source and/or major wire, official record, or established fact-checker",Scored under the v2 False category at 0 points. This verdict measures demonstrated reliability and does not by itself establish deceptive intent.,"A missed deadline is scored as a reliability failure, not automatically as a deliberate lie.",Dated forecast,NOT_FULFILLED,0.0,Yes
TESLA-013,2.0,2017-08-02,Tesla,Business & Technology,Model 3 production,Prediction or Forecast,"Reach 10,000 Model 3 vehicles per week toward the end of 2018.",2018-12-31,https://www.reuters.com/article/world/uk/factbox-tesla-ceo-elon-musks-promises-to-investors-idUSKBN1I500J/,Factbox: Tesla CEO Elon Musk's promises to investors,Tier 1 independent quoting Musk,2026-07-26,False,Incorrect,0,Yes,,The measurable forecast did not occur within the stated timeframe.,No,,Missed,Unfulfilled or reversed,Not applicable,Not established,"Tesla did not reach a sustained 10,000-per-week Model 3 production rate in 2018.",https://www.reuters.com/business/autos-transportation/elon-musks-late-unfulfilled-tesla-promises-2025-04-22/,Elon Musk's late and unfulfilled Tesla promises,,,High,"High-impact, concrete, externally verifiable claim or dated commitment","Primary source and/or major wire, official record, or established fact-checker",Scored under the v2 False category at 0 points. This verdict measures demonstrated reliability and does not by itself establish deceptive intent.,"A missed deadline is scored as a reliability failure, not automatically as a deliberate lie.",Dated forecast,NOT_FULFILLED,0.0,Yes
TESLA-014,2.0,2016-04,Tesla,Business & Technology,Annual production,Prediction or Forecast,"Produce about 500,000 vehicles annually by 2020.",2020,https://www.reuters.com/article/us-tesla-model-idUSKCN0WY3JK/,"Tesla accelerates 500,000-car target to 2018",Tier 1 independent quoting Musk,2026-07-26,True,Correct,100,Yes,,The documented outcome matched the central commitment within the stated deadline.,No,,Met for production,Fulfilled,Not applicable,Not established,"Tesla produced 509,737 vehicles in 2020; deliveries were 499,550.",https://ir.tesla.com/press-release/tesla-q4-2020-vehicle-production-deliveries,Tesla Q4 2020 vehicle production and deliveries,,,High,"High-impact, concrete, externally verifiable claim or dated commitment","Primary source and/or major wire, official record, or established fact-checker",Scored under the v2 True category at 100 points. This verdict measures demonstrated reliability and does not by itself establish deceptive intent.,"A missed deadline is scored as a reliability failure, not automatically as a deliberate lie.",Dated forecast,FULFILLED_ON_TIME,1.0,Yes
TESLA-015,2.0,2016-10-26,Tesla,Business & Technology,Capital needs,Promise or Commitment,Launch Model 3 without needing a capital raise.,Before Model 3 launch,https://www.reuters.com/article/technology/timeline-tesla-ceo-elon-musks-promises-to-investors-idUSKBN1I500G/,Timeline: Tesla CEO Elon Musk's promises to investors,Tier 1 independent quoting Musk,2026-07-26,False,Unfulfilled,0,Yes,,The deadline matured without the promised result being delivered under the original terms.,No,,Missed,Unfulfilled or reversed,Not applicable,Not established,Tesla announced a roughly $1.15 billion stock and notes offering in March 2017 and later issued additional debt before Model 3 scaled.,https://www.reuters.com/article/technology/timeline-tesla-ceo-elon-musks-promises-to-investors-idUSKBN1I500G/,Timeline: Tesla CEO Elon Musk's promises to investors,,,High,"High-impact, concrete, externally verifiable claim or dated commitment","Primary source and/or major wire, official record, or established fact-checker",Scored under the v2 False category at 0 points. This verdict measures demonstrated reliability and does not by itself establish deceptive intent.,"A missed deadline is scored as a reliability failure, not automatically as a deliberate lie.",Business commitment,NOT_FULFILLED,0.0,Yes
TESLA-016,2.0,2018-05,Tesla,Business & Technology,Profitability,Prediction or Forecast,Become profitable in Q3 2018 and remain profitable on a sustained quarterly basis.,Starting Q3 2018,https://www.reuters.com/article/technology/timeline-tesla-ceo-elon-musks-promises-to-investors-idUSKBN1I500G/,Timeline: Tesla CEO Elon Musk's promises to investors,Tier 1 independent quoting Musk,2026-07-26,Misleading,Materially Late,50,Yes,,"The central outcome eventually occurred, but the missed deadline was material to the original claim.",No,,Initial quarter met; sustained result late,Partially fulfilled or materially late,Not applicable,Not established,Tesla posted Q3 2018 profit but did not maintain uninterrupted quarterly profitability until later; Reuters identifies sustained profits beginning after Q3 2019.,https://www.reuters.com/business/autos-transportation/elon-musks-late-unfulfilled-tesla-promises-2025-04-22/,Elon Musk's late and unfulfilled Tesla promises,,,High,"High-impact, concrete, externally verifiable claim or dated commitment","Primary source and/or major wire, official record, or established fact-checker",Scored under the v2 Misleading category at 50 points. This verdict measures demonstrated reliability and does not by itself establish deceptive intent.,"A missed deadline is scored as a reliability failure, not automatically as a deliberate lie.",Dated forecast,FULFILLED_LATE,0.5,Yes
TESLA-017,2.0,2016-03-31,Tesla,Business & Technology,Model 3 price,Promise or Commitment,"Sell a base Model 3 for about $35,000.",At mass-market launch,https://www.reuters.com/business/autos-transportation/elon-musks-late-unfulfilled-tesla-promises-2025-04-22/,Elon Musk's late and unfulfilled Tesla promises,Tier 1 independent,2026-07-26,Mostly True,Fulfilled Slightly Late,75,Yes,,The central outcome occurred with a relatively limited delay.,No,,Higher-priced versions first,Substantially fulfilled,Not applicable,Not established,"Tesla made a $35,000 Model 3 available in February 2019, after selling more expensive versions first.",https://www.reuters.com/article/world/tesla-debuts-35000-model-3-sees-loss-in-first-quarter-idUSKCN1QH2VM/,"Tesla debuts $35,000 Model 3",,,High,"High-impact, concrete, externally verifiable claim or dated commitment","Primary source and/or major wire, official record, or established fact-checker",Scored under the v2 Mostly True category at 75 points. This verdict measures demonstrated reliability and does not by itself establish deceptive intent.,"A missed deadline is scored as a reliability failure, not automatically as a deliberate lie.",Product promise,FULFILLED_LATE,0.75,Yes
TESLA-018,2.0,2020-09-22,Tesla,Business & Technology,Affordable EV,Promise or Commitment,"Produce a fully autonomous Tesla costing about $25,000 in roughly three years.",Around 2023,https://www.reuters.com/business/autos-transportation/elon-musks-late-unfulfilled-tesla-promises-2025-04-22/,Elon Musk's late and unfulfilled Tesla promises,Tier 1 independent,2026-07-26,False,Unfulfilled,0,Yes,,The deadline matured without the promised result being delivered under the original terms.,No,,Missed,Unfulfilled or reversed,Not applicable,Not established,"No $25,000 Tesla launched by 2023. Reuters reported the dedicated low-cost project was canceled, and Musk later called a human-driven $25,000 Tesla pointless.",https://www.reuters.com/business/autos-transportation/tesla-scraps-low-cost-car-plans-amid-fierce-chinese-ev-competition-2024-04-05/,Tesla scraps low-cost car plans,https://www.reuters.com/business/autos-transportation/musk-now-says-its-pointless-build-25000-tesla-human-drivers-2024-11-05/,"Musk says it is pointless to build a $25,000 Tesla for human drivers",High,"High-impact, concrete, externally verifiable claim or dated commitment","Primary source and/or major wire, official record, or established fact-checker",Scored under the v2 False category at 0 points. This verdict measures demonstrated reliability and does not by itself establish deceptive intent.,"A missed deadline is scored as a reliability failure, not automatically as a deliberate lie.",Dated promise,NOT_FULFILLED,0.0,Yes
TESLA-019,2.0,2024-04-05,Tesla,Business & Technology,Low-cost car,Factual Assertion,"Asserted that Reuters was lying when it reported Tesla had canceled the all-new $25,000 EV project.",Present-tense claim,https://www.reuters.com/business/autos-transportation/tesla-scraps-low-cost-car-plans-amid-fierce-chinese-ev-competition-2024-04-05/,Tesla scraps low-cost car plans,Tier 1 independent reproducing Musk's post,2026-07-26,Unsupported,Unsupported,25,Yes,,"Reuters reporting materially contradicts Musk's accusation, but the dispute was not conclusively adjudicated; it is scored Unsupported rather than False.",Yes,Unresolved,Not applicable,Not applicable,Unsupported,Evidence suggesting knowledge; not judicially adjudicated,Reuters later reported that senior Tesla executives knew Musk had already canceled the project and questioned his public denial; Musk reportedly told them the project remained dead.,https://www.reuters.com/business/autos-transportation/tesla-executives-questioned-musk-after-he-denied-killing-25000-ev-project-2025-06-02/,"Tesla executives questioned Musk after he denied killing $25,000 EV project",https://www.reuters.com/business/autos-transportation/tesla-scraps-low-cost-car-plans-amid-fierce-chinese-ev-competition-2024-04-05/,Tesla scraps low-cost car plans,High,"High-impact, concrete, externally verifiable claim or dated commitment","Primary source and/or major wire, official record, or established fact-checker",Scored under the v2 Unsupported category at 25 points. This verdict measures demonstrated reliability and does not by itself establish deceptive intent.,"This row has unusually strong evidence bearing on knowledge, but no court has adjudicated the statement as fraud.",Factual assertion,FALSE_OR_UNSUPPORTED,0.0,Yes
TESLA-020,2.0,2015-12,Tesla,Business & Technology,Full self-driving,Prediction or Forecast,Tesla would achieve complete autonomous driving in about three years.,Around 2018,https://www.reuters.com/business/autos-transportation/elon-musks-late-unfulfilled-tesla-promises-2025-04-22/,Elon Musk's late and unfulfilled Tesla promises,Tier 1 independent,2026-07-26,False,Incorrect,0,Yes,,The measurable forecast did not occur within the stated timeframe.,No,,Missed,Unfulfilled or reversed,Not applicable,Not established,Tesla's consumer system remained supervised and required an attentive driver through the evaluation date.,https://www.tesla.com/support/fsd,Tesla Full Self-Driving (Supervised) support page,https://www.nytimes.com/interactive/2026/06/02/technology/elon-musk-promises-spacex-ipo.html,Elon Musk Laid Out 602 Goals. We Counted How Many He Hit,High,"High-impact, concrete, externally verifiable claim or dated commitment","Primary source and/or major wire, official record, or established fact-checker",Scored under the v2 False category at 0 points. This verdict measures demonstrated reliability and does not by itself establish deceptive intent.,"A missed deadline is scored as a reliability failure, not automatically as a deliberate lie.",Dated forecast,NOT_FULFILLED,0.0,Yes
TESLA-021,2.0,2016-10-20,Tesla,Business & Technology,Full self-driving,Promise or Commitment,Demonstrate a fully self-driven Los Angeles-to-New York trip by the end of 2017.,2017-12-31,https://www.reuters.com/article/business/elon-musk-on-teslas-self-driving-capabilities-idUSKCN1RY0QX/,Elon Musk on Tesla's self-driving capabilities,Tier 1 independent quoting Musk,2026-07-26,False,Unfulfilled,0,Yes,,The deadline matured without the promised result being delivered under the original terms.,No,,Missed,Unfulfilled or reversed,Not applicable,Not established,Tesla did not complete the promised autonomous cross-country demonstration by the deadline.,https://www.reuters.com/article/business/elon-musk-on-teslas-self-driving-capabilities-idUSKCN1RY0QX/,Elon Musk on Tesla's self-driving capabilities,https://www.nytimes.com/interactive/2026/06/02/technology/elon-musk-promises-spacex-ipo.html,Elon Musk Laid Out 602 Goals. We Counted How Many He Hit,High,"High-impact, concrete, externally verifiable claim or dated commitment","Primary source and/or major wire, official record, or established fact-checker",Scored under the v2 False category at 0 points. This verdict measures demonstrated reliability and does not by itself establish deceptive intent.,"A missed deadline is scored as a reliability failure, not automatically as a deliberate lie.",Dated promise,NOT_FULFILLED,0.0,Yes
TESLA-022,2.0,2018-02,Tesla,Business & Technology,Full self-driving,Prediction or Forecast,Complete the coast-to-coast autonomous drive in three to six months.,By roughly 2018-08,https://www.reuters.com/article/business/elon-musk-on-teslas-self-driving-capabilities-idUSKCN1RY0QX/,Elon Musk on Tesla's self-driving capabilities,Tier 1 independent quoting Musk,2026-07-26,False,Incorrect,0,Yes,,The measurable forecast did not occur within the stated timeframe.,No,,Missed,Unfulfilled or reversed,Not applicable,Not established,The coast-to-coast autonomous demonstration still did not occur in that window.,https://www.reuters.com/article/business/elon-musk-on-teslas-self-driving-capabilities-idUSKCN1RY0QX/,Elon Musk on Tesla's self-driving capabilities,,,High,"High-impact, concrete, externally verifiable claim or dated commitment","Primary source and/or major wire, official record, or established fact-checker",Scored under the v2 False category at 0 points. This verdict measures demonstrated reliability and does not by itself establish deceptive intent.,"A missed deadline is scored as a reliability failure, not automatically as a deliberate lie.",Revised dated forecast,NOT_FULFILLED,0.0,Yes
TESLA-023,2.0,2018-06-10,Tesla,Business & Technology,Full self-driving,Promise or Commitment,Begin enabling full self-driving features with Tesla Version 9 in the August 2018 update.,2018-08,https://archive.is/c2u4U,NYT audit transcript of Musk's dated business goals,Tier 1 independent transcription,2026-07-26,Misleading,Partially Fulfilled,50,Yes,,"A meaningful part of the claim held up, but material scope, capability, or context remained unmet.",No,,Late and narrower than stated,Partially fulfilled or materially late,Not applicable,Not established,"Version 9 arrived later in 2018 with Navigate on Autopilot, but it remained a driver-assistance feature rather than full autonomous driving.",https://www.reuters.com/article/business/elon-musk-on-teslas-self-driving-capabilities-idUSKCN1RY0QX/,Elon Musk on Tesla's self-driving capabilities,https://www.tesla.com/support/fsd,Tesla Full Self-Driving (Supervised) support page,Medium-High,"High-impact, concrete, externally verifiable claim or dated commitment","Primary source and/or major wire, official record, or established fact-checker",Scored under the v2 Misleading category at 50 points. This verdict measures demonstrated reliability and does not by itself establish deceptive intent.,"A missed deadline is scored as a reliability failure, not automatically as a deliberate lie.",Dated software promise,PARTIALLY_FULFILLED,0.25,Yes
TESLA-024,2.0,2019-04-22,Tesla,Business & Technology,Robotaxi,Prediction or Forecast,Have one million Tesla robotaxis operating by the end of 2020.,2020-12-31,https://www.reuters.com/article/business/elon-musk-on-teslas-self-driving-capabilities-idUSKCN1RY0QX/,Elon Musk on Tesla's self-driving capabilities,Tier 1 independent quoting Musk,2026-07-26,False,Incorrect,0,Yes,,The measurable forecast did not occur within the stated timeframe.,No,,Missed,Unfulfilled or reversed,Not applicable,Not established,Tesla had no public driverless robotaxi network at the end of 2020.,https://www.reuters.com/business/autos-transportation/elon-musks-late-unfulfilled-tesla-promises-2025-04-22/,Elon Musk's late and unfulfilled Tesla promises,https://www.reuters.com/business/autos-transportation/tesla-tiptoes-into-long-promised-robotaxi-service-2025-06-22/,Tesla tiptoes into long-promised robotaxi service,High,"High-impact, concrete, externally verifiable claim or dated commitment","Primary source and/or major wire, official record, or established fact-checker",Scored under the v2 False category at 0 points. This verdict measures demonstrated reliability and does not by itself establish deceptive intent.,"A missed deadline is scored as a reliability failure, not automatically as a deliberate lie.",Dated forecast,NOT_FULFILLED,0.0,Yes
TESLA-025,2.0,2019-04-22,Tesla,Business & Technology,Robotaxi vehicle,Prediction or Forecast,Produce a vehicle without a steering wheel or pedals in about two years.,Around 2021,https://www.reuters.com/article/business/elon-musk-on-teslas-self-driving-capabilities-idUSKCN1RY0QX/,Elon Musk on Tesla's self-driving capabilities,Tier 1 independent quoting Musk,2026-07-26,False,Incorrect,0,Yes,,The measurable forecast did not occur within the stated timeframe.,No,,Missed,Unfulfilled or reversed,Not applicable,Not established,Tesla did not produce such a vehicle by 2021; it unveiled a Cybercab prototype in 2024 and production remained future-dated.,https://www.reuters.com/business/autos-transportation/elon-musks-late-unfulfilled-tesla-promises-2025-04-22/,Elon Musk's late and unfulfilled Tesla promises,,,High,"High-impact, concrete, externally verifiable claim or dated commitment","Primary source and/or major wire, official record, or established fact-checker",Scored under the v2 False category at 0 points. This verdict measures demonstrated reliability and does not by itself establish deceptive intent.,"A missed deadline is scored as a reliability failure, not automatically as a deliberate lie.",Dated forecast,NOT_FULFILLED,0.0,Yes
TESLA-026,2.0,2020-12-20,Tesla,Business & Technology,FSD subscription,Promise or Commitment,Release a monthly Full Self-Driving subscription early in 2021.,Early 2021,https://archive.is/c2u4U,NYT audit transcript of Musk's dated business goals,Tier 1 independent transcription,2026-07-26,Mostly True,Fulfilled Slightly Late,75,Yes,,The central outcome occurred with a relatively limited delay.,No,,Late,Substantially fulfilled,Not applicable,Not established,Tesla launched the FSD subscription in July 2021.,https://www.tesla.com/support/fsd-subscription,Tesla Full Self-Driving subscription support,,,High,"High-impact, concrete, externally verifiable claim or dated commitment","Primary source and/or major wire, official record, or established fact-checker",Scored under the v2 Mostly True category at 75 points. This verdict measures demonstrated reliability and does not by itself establish deceptive intent.,"A missed deadline is scored as a reliability failure, not automatically as a deliberate lie.",Dated promise,FULFILLED_LATE,0.75,Yes
TESLA-027,2.0,2022-04-29,Tesla,Business & Technology,FSD beta,Promise or Commitment,Make FSD Beta available to all eligible North American customers later in 2022.,2022-12-31,https://archive.is/c2u4U,NYT audit transcript of Musk's dated business goals,Tier 1 independent transcription,2026-07-26,True,Fulfilled On Time,100,Yes,,The documented outcome matched the central commitment within the stated deadline.,No,,Met,Fulfilled,Not applicable,Not established,"Musk announced broad North American availability in November 2022, although the product remained supervised beta software.",https://www.reuters.com/technology/elon-musk-says-tesla-full-self-driving-beta-now-available-north-america-2022-11-24/,Tesla FSD beta available to anyone in North America who requests it,https://www.tesla.com/support/fsd,Tesla Full Self-Driving (Supervised) support page,High,"High-impact, concrete, externally verifiable claim or dated commitment","Primary source and/or major wire, official record, or established fact-checker",Scored under the v2 True category at 100 points. This verdict measures demonstrated reliability and does not by itself establish deceptive intent.,"A missed deadline is scored as a reliability failure, not automatically as a deliberate lie.",Dated promise,FULFILLED_ON_TIME,1.0,Yes
TESLA-028,2.0,2022-04,Tesla,Business & Technology,Full self-driving,Prediction or Forecast,Tesla would achieve self-driving technology ready for broad release by the end of 2022.,2022-12-31,https://www.reuters.com/business/autos-transportation/musk-expects-tesla-achieve-full-self-driving-this-year-2022-04-21/,Musk expects Tesla to achieve full self-driving this year,Tier 1 independent quoting Musk,2026-07-26,False,Incorrect,0,Yes,,The measurable forecast did not occur within the stated timeframe.,No,,Missed,Unfulfilled or reversed,Not applicable,Not established,Tesla's system still required active driver supervision at year-end and through the evaluation date.,https://www.tesla.com/support/fsd,Tesla Full Self-Driving (Supervised) support page,,,High,"High-impact, concrete, externally verifiable claim or dated commitment","Primary source and/or major wire, official record, or established fact-checker",Scored under the v2 False category at 0 points. This verdict measures demonstrated reliability and does not by itself establish deceptive intent.,"A missed deadline is scored as a reliability failure, not automatically as a deliberate lie.",Dated forecast,NOT_FULFILLED,0.0,Yes
TESLA-029,2.0,2023,Tesla,Business & Technology,Hardware 3 autonomy,Promise or Commitment,Existing Tesla vehicles with Hardware 3 would be capable of unsupervised full self-driving.,No precise date; treated as capability commitment,https://archive.is/c2u4U,NYT audit of Musk business goals,Tier 1 independent transcription,2026-07-26,False,Unfulfilled,0,Yes,,The deadline matured without the promised result being delivered under the original terms.,No,,Capability disclaimed in 2026,Unfulfilled or reversed,Not applicable,Not established,In 2026 Musk acknowledged that Hardware 3 vehicles could not run the software needed for autonomous driving and said he wished it were otherwise.,https://www.nytimes.com/interactive/2026/06/02/technology/elon-musk-promises-spacex-ipo.html,Elon Musk Laid Out 602 Goals. We Counted How Many He Hit,,,High,"High-impact, concrete, externally verifiable claim or dated commitment","Primary source and/or major wire, official record, or established fact-checker",Scored under the v2 False category at 0 points. This verdict measures demonstrated reliability and does not by itself establish deceptive intent.,"A missed deadline is scored as a reliability failure, not automatically as a deliberate lie.",Technical promise,NOT_FULFILLED,0.0,Yes
TESLA-030,2.0,2025-03-31,Tesla,Business & Technology,Robotaxi,Promise or Commitment,Unsupervised Tesla rides would carry passengers in Austin in June 2025.,2025-06,https://archive.is/c2u4U,NYT audit transcript of Musk's dated business goals,Tier 1 independent transcription,2026-07-26,Misleading,Partially Fulfilled,50,Yes,,"A meaningful part of the claim held up, but material scope, capability, or context remained unmet.",No,,Met in limited form,Partially fulfilled or materially late,Not applicable,Not established,"Tesla began a small, invitation-only paid service in Austin on June 22 with a limited zone and front-seat safety monitors.",https://www.reuters.com/business/autos-transportation/tesla-tiptoes-into-long-promised-robotaxi-service-2025-06-22/,Tesla tiptoes into long-promised robotaxi service,,,High,"High-impact, concrete, externally verifiable claim or dated commitment","Primary source and/or major wire, official record, or established fact-checker",Scored under the v2 Misleading category at 50 points. This verdict measures demonstrated reliability and does not by itself establish deceptive intent.,"A missed deadline is scored as a reliability failure, not automatically as a deliberate lie.",Dated promise,PARTIALLY_FULFILLED,0.75,Yes
TESLA-031,2.0,2025-03-31,Tesla,Business & Technology,Robotaxi expansion,Promise or Commitment,Operate unsupervised Tesla passenger service in many U.S. cities by the end of 2025.,2025-12-31,https://archive.is/c2u4U,NYT audit transcript of Musk's dated business goals,Tier 1 independent transcription,2026-07-26,False,Unfulfilled,0,Yes,,The deadline matured without the promised result being delivered under the original terms.,No,,Missed,Unfulfilled or reversed,Not applicable,Not established,"By July 2026 Tesla still operated limited, small fleets in only a handful of cities rather than many cities nationwide.",https://www.reuters.com/business/autos-transportation/teslas-once-bullish-tone-robotaxis-shifts-2026-07-23/,Tesla's once-bullish tone on robotaxis shifts,,,High,"High-impact, concrete, externally verifiable claim or dated commitment","Primary source and/or major wire, official record, or established fact-checker",Scored under the v2 False category at 0 points. This verdict measures demonstrated reliability and does not by itself establish deceptive intent.,"A missed deadline is scored as a reliability failure, not automatically as a deliberate lie.",Dated promise,NOT_FULFILLED,0.0,Yes
TESLA-032,2.0,2025-05-29,Tesla,Business & Technology,Autonomous delivery,Promise or Commitment,Complete the first autonomous factory-to-customer Model Y delivery in June 2025.,2025-06,https://archive.is/c2u4U,NYT audit transcript of Musk's dated business goals,Tier 1 independent transcription,2026-07-26,True,Fulfilled On Time,100,Yes,,The documented outcome matched the central commitment within the stated deadline.,No,,Met,Fulfilled,Not applicable,Not established,"Tesla completed a Model Y self-delivery on June 27, one day before the date Musk had subsequently specified.",https://www.reuters.com/business/autos-transportation/tesla-completes-first-fully-autonomous-model-y-delivery-ahead-schedule-2025-06-27/,Tesla completes first fully autonomous Model Y delivery ahead of schedule,,,High,"High-impact, concrete, externally verifiable claim or dated commitment","Primary source and/or major wire, official record, or established fact-checker",Scored under the v2 True category at 100 points. This verdict measures demonstrated reliability and does not by itself establish deceptive intent.,"A missed deadline is scored as a reliability failure, not automatically as a deliberate lie.",Dated promise,FULFILLED_ON_TIME,1.0,Yes
TESLA-033,2.0,2025-08-25,Tesla,Business & Technology,Robotaxi safety driver,Promise or Commitment,Remove the Austin robotaxi safety driver by the end of 2025.,2025-12-31,https://archive.is/c2u4U,NYT audit transcript of Musk's dated business goals,Tier 1 independent transcription,2026-07-26,Misleading,Fulfilled Late,50,Yes,,"The central outcome eventually occurred, but the missed deadline was material to the original claim.",No,,Missed deadline; achieved in 2026,Partially fulfilled or materially late,Not applicable,Not established,"The New York Times reported that in 2026 Tesla offered rides without human safety monitors in Austin, Dallas and Houston.",https://www.nytimes.com/interactive/2026/06/02/technology/elon-musk-promises-spacex-ipo.html,Elon Musk Laid Out 602 Goals. We Counted How Many He Hit,,,High,"High-impact, concrete, externally verifiable claim or dated commitment","Primary source and/or major wire, official record, or established fact-checker",Scored under the v2 Misleading category at 50 points. This verdict measures demonstrated reliability and does not by itself establish deceptive intent.,"A missed deadline is scored as a reliability failure, not automatically as a deliberate lie.",Dated promise,FULFILLED_LATE,0.5,Yes
TESLA-034,2.0,2019-11-21,Tesla,Business & Technology,Cybertruck launch,Promise or Commitment,Begin Cybertruck production and deliveries in late 2021.,Late 2021,https://www.reuters.com/business/autos-transportation/elon-musks-late-unfulfilled-tesla-promises-2025-04-22/,Elon Musk's late and unfulfilled Tesla promises,Tier 1 independent,2026-07-26,Misleading,Fulfilled Late,50,Yes,,"The central outcome eventually occurred, but the missed deadline was material to the original claim.",No,,About two years late,Partially fulfilled or materially late,Not applicable,Not established,Initial customer deliveries began in November 2023.,https://www.reuters.com/business/autos-transportation/tesla-deliver-cybertrucks-after-musk-tempers-expectations-2023-11-30/,Tesla Cybertruck priced above initial estimate,,,High,"High-impact, concrete, externally verifiable claim or dated commitment","Primary source and/or major wire, official record, or established fact-checker",Scored under the v2 Misleading category at 50 points. This verdict measures demonstrated reliability and does not by itself establish deceptive intent.,"A missed deadline is scored as a reliability failure, not automatically as a deliberate lie.",Dated promise,FULFILLED_LATE,0.5,Yes
TESLA-035,2.0,2019-11-21,Tesla,Business & Technology,Cybertruck price,Promise or Commitment,"Offer an entry Cybertruck at about $39,900.",At launch,https://www.reuters.com/business/autos-transportation/elon-musks-late-unfulfilled-tesla-promises-2025-04-22/,Elon Musk's late and unfulfilled Tesla promises,Tier 1 independent,2026-07-26,False,Unfulfilled,0,Yes,,The deadline matured without the promised result being delivered under the original terms.,No,,Missed,Unfulfilled or reversed,Not applicable,Not established,"Tesla announced a starting price of $60,990 at the 2023 delivery launch, over 50 percent above the original figure.",https://www.reuters.com/business/autos-transportation/tesla-deliver-cybertrucks-after-musk-tempers-expectations-2023-11-30/,Tesla Cybertruck priced above initial estimate,,,High,"High-impact, concrete, externally verifiable claim or dated commitment","Primary source and/or major wire, official record, or established fact-checker",Scored under the v2 False category at 0 points. This verdict measures demonstrated reliability and does not by itself establish deceptive intent.,"A missed deadline is scored as a reliability failure, not automatically as a deliberate lie.",Product promise,NOT_FULFILLED,0.0,Yes
TESLA-036,2.0,2019-11-21,Tesla,Business & Technology,Cybertruck range,Promise or Commitment,Offer a top Cybertruck with more than 500 miles of range.,At launch,https://www.reuters.com/business/autos-transportation/tesla-deliver-cybertrucks-after-musk-tempers-expectations-2023-11-30/,Tesla Cybertruck priced above initial estimate,Tier 1 independent,2026-07-26,False,Unfulfilled,0,Yes,,The deadline matured without the promised result being delivered under the original terms.,No,,Missed,Unfulfilled or reversed,Not applicable,Not established,The longest-range launch configuration was rated around 340 miles; an optional extender was projected to reach roughly 470 miles.,https://www.reuters.com/business/autos-transportation/tesla-deliver-cybertrucks-after-musk-tempers-expectations-2023-11-30/,Tesla Cybertruck priced above initial estimate,,,High,"High-impact, concrete, externally verifiable claim or dated commitment","Primary source and/or major wire, official record, or established fact-checker",Scored under the v2 False category at 0 points. This verdict measures demonstrated reliability and does not by itself establish deceptive intent.,"A missed deadline is scored as a reliability failure, not automatically as a deliberate lie.",Product promise,NOT_FULFILLED,0.0,Yes
TESLA-037,2.0,2017-11,Tesla,Business & Technology,Tesla Semi,Promise or Commitment,Begin Tesla Semi production in 2019.,2019,https://www.reuters.com/business/autos-transportation/elon-musks-late-unfulfilled-tesla-promises-2025-04-22/,Elon Musk's late and unfulfilled Tesla promises,Tier 1 independent,2026-07-26,Misleading,Fulfilled Late,50,Yes,,"The central outcome eventually occurred, but the missed deadline was material to the original claim.",No,,About three years late,Partially fulfilled or materially late,Not applicable,Not established,Tesla made its first Semi customer deliveries in December 2022.,https://www.reuters.com/business/autos-transportation/teslas-semi-factory-nevada-have-first-trucks-production-by-end-2025-2025-04-28/,Tesla Semi factory to have first trucks in production by end of 2025,,,High,"High-impact, concrete, externally verifiable claim or dated commitment","Primary source and/or major wire, official record, or established fact-checker",Scored under the v2 Misleading category at 50 points. This verdict measures demonstrated reliability and does not by itself establish deceptive intent.,"A missed deadline is scored as a reliability failure, not automatically as a deliberate lie.",Dated promise,FULFILLED_LATE,0.5,Yes
TESLA-038,2.0,2017-11,Tesla,Business & Technology,Tesla Semi range,Promise or Commitment,Demonstrate a fully loaded Tesla Semi capable of 500 miles.,Before broad production,https://www.reuters.com/business/autos-transportation/elon-musks-late-unfulfilled-tesla-promises-2025-04-22/,Elon Musk's late and unfulfilled Tesla promises,Tier 1 independent,2026-07-26,Mostly True,Substantially Fulfilled,75,Yes,,"The central outcome occurred, with a limited qualification, deviation, or independent-evidence gap.",No,,No clear deadline,Substantially fulfilled,Not applicable,Not established,Tesla reported a 500-mile trip with a fully loaded Semi before first deliveries; independent detail is limited.,https://www.tesla.com/semi,Tesla Semi product page,https://www.reuters.com/business/autos-transportation/elon-musks-late-unfulfilled-tesla-promises-2025-04-22/,Elon Musk's late and unfulfilled Tesla promises,Medium-High,"High-impact, concrete, externally verifiable claim or dated commitment","Primary source and/or major wire, official record, or established fact-checker",Scored under the v2 Mostly True category at 75 points. This verdict measures demonstrated reliability and does not by itself establish deceptive intent.,"Outcome is largely company-reported, so confidence is lower than for audited production figures.",Product promise,FULFILLED,0.75,Yes
TESLA-039,2.0,2022-12,Tesla,Business & Technology,Tesla Semi volume,Prediction or Forecast,"Produce 50,000 Tesla Semi trucks in 2024.",2024,https://www.reuters.com/business/autos-transportation/teslas-semi-factory-nevada-have-first-trucks-production-by-end-2025-2025-04-28/,Tesla Semi factory to have first trucks in production by end of 2025,Tier 1 independent quoting Musk,2026-07-26,False,Incorrect,0,Yes,,The measurable forecast did not occur within the stated timeframe.,No,,Missed,Unfulfilled or reversed,Not applicable,Not established,The target was missed; Tesla later said its dedicated Nevada factory would begin production only by the end of 2025 and ramp in 2026.,https://www.reuters.com/business/autos-transportation/teslas-semi-factory-nevada-have-first-trucks-production-by-end-2025-2025-04-28/,Tesla Semi factory to have first trucks in production by end of 2025,,,High,"High-impact, concrete, externally verifiable claim or dated commitment","Primary source and/or major wire, official record, or established fact-checker",Scored under the v2 False category at 0 points. This verdict measures demonstrated reliability and does not by itself establish deceptive intent.,"A missed deadline is scored as a reliability failure, not automatically as a deliberate lie.",Dated forecast,NOT_FULFILLED,0.0,Yes
TESLA-040,2.0,2017-11,Tesla,Business & Technology,Roadster,Promise or Commitment,Start production of the next-generation Roadster in 2020.,2020,https://www.reuters.com/business/autos-transportation/elon-musks-late-unfulfilled-tesla-promises-2025-04-22/,Elon Musk's late and unfulfilled Tesla promises,Tier 1 independent,2026-07-26,False,Unfulfilled,0,Yes,,The deadline matured without the promised result being delivered under the original terms.,No,,Missed,Unfulfilled or reversed,Not applicable,Not established,The Roadster did not enter production in 2020 and remained unreleased through the evaluation date.,https://www.reuters.com/business/autos-transportation/elon-musks-late-unfulfilled-tesla-promises-2025-04-22/,Elon Musk's late and unfulfilled Tesla promises,,,High,"High-impact, concrete, externally verifiable claim or dated commitment","Primary source and/or major wire, official record, or established fact-checker",Scored under the v2 False category at 0 points. This verdict measures demonstrated reliability and does not by itself establish deceptive intent.,"A missed deadline is scored as a reliability failure, not automatically as a deliberate lie.",Dated promise,NOT_FULFILLED,0.0,Yes
TESLA-041,2.0,2024,Tesla,Business & Technology,Roadster,Promise or Commitment,Ship the next-generation Roadster in 2025.,2025,https://www.reuters.com/business/autos-transportation/elon-musks-late-unfulfilled-tesla-promises-2025-04-22/,Elon Musk's late and unfulfilled Tesla promises,Tier 1 independent,2026-07-26,False,Unfulfilled,0,Yes,,The deadline matured without the promised result being delivered under the original terms.,No,,Missed,Unfulfilled or reversed,Not applicable,Not established,The Roadster was not delivered in 2025 and remained unreleased by July 2026.,https://www.reuters.com/business/autos-transportation/elon-musks-late-unfulfilled-tesla-promises-2025-04-22/,Elon Musk's late and unfulfilled Tesla promises,https://www.nytimes.com/interactive/2026/06/02/technology/elon-musk-promises-spacex-ipo.html,Elon Musk Laid Out 602 Goals. We Counted How Many He Hit,High,"High-impact, concrete, externally verifiable claim or dated commitment","Primary source and/or major wire, official record, or established fact-checker",Scored under the v2 False category at 0 points. This verdict measures demonstrated reliability and does not by itself establish deceptive intent.,"A missed deadline is scored as a reliability failure, not automatically as a deliberate lie.",Revised dated promise,NOT_FULFILLED,0.0,Yes
TESLA-042,2.0,2019-07-30,Tesla,Business & Technology,Solar Roof,Prediction or Forecast,"Reach about 1,000 Solar Roof installations per week by the end of 2019.",2019-12-31,https://www.reuters.com/article/us-tesla-solarroof/tesla-ceo-says-company-aims-to-make-1000-solar-roofs-weekly-by-end-2019-idUSKCN1UP2EE/,"Tesla aims to make 1,000 solar roofs weekly by end-2019",Tier 1 independent quoting Musk,2026-07-26,False,Incorrect,0,Yes,,The measurable forecast did not occur within the stated timeframe.,No,,Missed,Unfulfilled or reversed,Not applicable,Not established,"Independent market estimates years later remained far below 1,000 installations per week.",https://www.reuters.com/business/autos-transportation/elon-musks-late-unfulfilled-tesla-promises-2025-04-22/,Elon Musk's late and unfulfilled Tesla promises,,,High,"High-impact, concrete, externally verifiable claim or dated commitment","Primary source and/or major wire, official record, or established fact-checker",Scored under the v2 False category at 0 points. This verdict measures demonstrated reliability and does not by itself establish deceptive intent.,"A missed deadline is scored as a reliability failure, not automatically as a deliberate lie.",Dated forecast,NOT_FULFILLED,0.0,Yes
TESLA-043,2.0,2016-07-20,Tesla,Business & Technology,Solar Roof and storage,Promise or Commitment,Create a smoothly integrated solar-roof and battery product.,No explicit deadline,https://www.tesla.com/master-plan-part-deux,"Master Plan, Part Deux",Primary,2026-07-26,True,Fulfilled,100,Yes,,The available evidence supports the central claim or shows the commitment was fulfilled as stated.,No,,No dated deadline,Fulfilled,Not applicable,Not established,Tesla sells Solar Roof integrated with Powerwall energy storage.,https://www.tesla.com/solarroof,Tesla Solar Roof,https://www.tesla.com/powerwall,Tesla Powerwall,High,"High-impact, concrete, externally verifiable claim or dated commitment","Primary source and/or major wire, official record, or established fact-checker",Scored under the v2 True category at 100 points. This verdict measures demonstrated reliability and does not by itself establish deceptive intent.,"A missed deadline is scored as a reliability failure, not automatically as a deliberate lie.",Promise,FULFILLED,1.0,Yes
TESLA-044,2.0,2016-07-20,Tesla,Business & Technology,Tesla Semi,Promise or Commitment,Unveil a heavy-duty truck the following year.,2017,https://www.tesla.com/master-plan-part-deux,"Master Plan, Part Deux",Primary,2026-07-26,True,Fulfilled On Time,100,Yes,,The documented outcome matched the central commitment within the stated deadline.,No,,Met,Fulfilled,Not applicable,Not established,Tesla unveiled the Semi in November 2017.,https://www.tesla.com/blog/tesla-semi,Tesla Semi unveiled,,,High,"High-impact, concrete, externally verifiable claim or dated commitment","Primary source and/or major wire, official record, or established fact-checker",Scored under the v2 True category at 100 points. This verdict measures demonstrated reliability and does not by itself establish deceptive intent.,"A missed deadline is scored as a reliability failure, not automatically as a deliberate lie.",Dated promise,FULFILLED_ON_TIME,1.0,Yes
TESLA-045,2.0,2016-07-20,Tesla,Business & Technology,Urban transport,Promise or Commitment,Unveil a high-passenger-density urban transport vehicle the following year.,2017,https://www.tesla.com/master-plan-part-deux,"Master Plan, Part Deux",Primary,2026-07-26,False,Unfulfilled,0,Yes,,The deadline matured without the promised result being delivered under the original terms.,No,,Missed,Unfulfilled or reversed,Not applicable,Not established,Tesla did not unveil a bus or comparable high-density urban transport vehicle in 2017.,https://www.reuters.com/business/autos-transportation/elon-musks-late-unfulfilled-tesla-promises-2025-04-22/,Elon Musk's late and unfulfilled Tesla promises,https://www.nytimes.com/interactive/2026/06/02/technology/elon-musk-promises-spacex-ipo.html,Elon Musk Laid Out 602 Goals. We Counted How Many He Hit,High,"High-impact, concrete, externally verifiable claim or dated commitment","Primary source and/or major wire, official record, or established fact-checker",Scored under the v2 False category at 0 points. This verdict measures demonstrated reliability and does not by itself establish deceptive intent.,"A missed deadline is scored as a reliability failure, not automatically as a deliberate lie.",Dated promise,NOT_FULFILLED,0.0,Yes
TESLA-046,2.0,2016-07-20,Tesla,Business & Technology,Tesla Network,Promise or Commitment,Let owners add autonomous Teslas to a shared fleet and earn money when true self-driving was approved.,Conditional on regulatory approval and full autonomy,https://www.tesla.com/master-plan-part-deux,"Master Plan, Part Deux",Primary,2026-07-26,Pending,Pending,,No,The explicit condition has not been met.,The relevant deadline or stated condition had not matured by the evaluation date.,No,,Condition not met,Pending,Not applicable,Not established,"The owner-operated Tesla Network has not launched, but the promise was expressly conditional on autonomy and regulatory approval.",https://www.tesla.com/support/fsd,Tesla Full Self-Driving (Supervised) support page,https://www.reuters.com/business/autos-transportation/teslas-once-bullish-tone-robotaxis-shifts-2026-07-23/,Tesla's once-bullish tone on robotaxis shifts,High,"High-impact, concrete, externally verifiable claim or dated commitment","Primary source and/or major wire, official record, or established fact-checker",Excluded from the v2 Trust Score as Pending: The explicit condition has not been met.,Conditional promise excluded from percentage until its condition is met or Tesla abandons it.,Conditional promise,PENDING,,No
TESLA-047,2.0,2020,Tesla,Business & Technology,Vehicle volume,Prediction or Forecast,Produce 20 million vehicles annually by 2030.,2030,https://www.reuters.com/business/autos-transportation/elon-musks-late-unfulfilled-tesla-promises-2025-04-22/,Elon Musk's late and unfulfilled Tesla promises,Tier 1 independent,2026-07-26,Pending,Pending,,No,Deadline or relevant condition had not matured by the evaluation date.,The relevant deadline or stated condition had not matured by the evaluation date.,No,,Future target,Pending,Not applicable,Not established,"The deadline is still future, although Tesla stopped highlighting the 20-million target in later impact reporting.",https://www.reuters.com/business/autos-transportation/tesla-drops-20-million-vehicle-production-target-impact-report-2024-05-23/,Tesla drops 20 million vehicle production target from impact report,,,High,"High-impact, concrete, externally verifiable claim or dated commitment","Primary source and/or major wire, official record, or established fact-checker",Excluded from the v2 Trust Score as Pending: Deadline or relevant condition had not matured by the evaluation date.,Future claims are excluded from resolved percentages.,Long-range goal,PENDING,,No
TESLA-048,2.0,2021-08,Tesla,Business & Technology,Optimus robot,Promise or Commitment,Show a working Tesla Bot prototype in 2022.,2022,https://www.reuters.com/technology/tesla-unveils-optimus-robot-prototype-targets-price-under-20000-2022-10-01/,Tesla unveils Optimus robot prototype,Tier 1 independent,2026-07-26,True,Fulfilled On Time,100,Yes,,The documented outcome matched the central commitment within the stated deadline.,No,,Met,Fulfilled,Not applicable,Not established,Tesla demonstrated an early walking Optimus prototype in September 2022.,https://www.reuters.com/technology/tesla-unveils-optimus-robot-prototype-targets-price-under-20000-2022-10-01/,Tesla unveils Optimus robot prototype,,,High,"High-impact, concrete, externally verifiable claim or dated commitment","Primary source and/or major wire, official record, or established fact-checker",Scored under the v2 True category at 100 points. This verdict measures demonstrated reliability and does not by itself establish deceptive intent.,"A missed deadline is scored as a reliability failure, not automatically as a deliberate lie.",Dated promise,FULFILLED_ON_TIME,1.0,Yes
TESLA-049,2.0,2024,Tesla,Business & Technology,Optimus deployment,Prediction or Forecast,Use Optimus robots for useful internal Tesla tasks in 2025 and sell them externally in 2026.,Internal use 2025; external sales 2026,https://www.reuters.com/business/autos-transportation/musk-says-tesla-have-humanoid-robots-internal-use-next-year-2024-07-22/,Musk says Tesla to have humanoid robots in internal use next year,Tier 1 independent quoting Musk,2026-07-26,Pending,Pending,,No,Mixed multi-part claim includes a future 2026 deadline; should be split in a later research pass.,This record combines a 2025 internal-use claim with a 2026 external-sales claim whose deadline had not fully elapsed. It remains Pending until split or matured.,No,,2025 internal-use evidence limited; 2026 external target pending,Pending,Not applicable,Not established,"Public evidence of meaningful 2025 factory deployment was limited, while the external-sales deadline had not fully elapsed by the evaluation date.",https://www.nytimes.com/interactive/2026/06/02/technology/elon-musk-promises-spacex-ipo.html,Elon Musk Laid Out 602 Goals. We Counted How Many He Hit,,,Medium,"High-impact, concrete, externally verifiable claim or dated commitment","Primary source and/or major wire, official record, or established fact-checker",Excluded from the v2 Trust Score as Pending: Mixed multi-part claim includes a future 2026 deadline; should be split in a later research pass.,Mixed multi-part claim excluded from headline percentage until the 2026 portion matures.,Dated forecast,PARTIALLY_FULFILLED,0.25,No
TESLA-050,2.0,2018-08-07,Tesla,Business & Technology,Taking Tesla private,Factual Assertion,Stated that funding was secured to take Tesla private at $420 per share.,Present-tense claim,https://www.sec.gov/newsroom/press-releases/2018-219,SEC charges Elon Musk with securities fraud,Official regulator reproducing statement,2026-07-26,Unsupported,Unsupported,25,Yes,,"The SEC alleged that funding was not secured, while the settlement included no admission and a civil jury later found no investor liability. The financing assertion is scored Unsupported, not a proven lie.",Yes,Unresolved,Not applicable,Not applicable,Unsupported,"Contested; SEC alleged fraud, settlement had no admission, and a 2023 jury found no investor liability",Tesla was not taken private. The SEC alleged the funding was not secured; Musk and Tesla settled without admitting or denying wrongdoing. A separate civil jury later found Musk not liable to investors.,https://www.sec.gov/newsroom/press-releases/2018-226,Elon Musk settles SEC fraud charges; Tesla charged with and resolves securities law charge,https://www.nytimes.com/interactive/2026/06/02/technology/elon-musk-promises-spacex-ipo.html,Elon Musk Laid Out 602 Goals. We Counted How Many He Hit,High,"High-impact, concrete, externally verifiable claim or dated commitment","Primary source and/or major wire, official record, or established fact-checker",Scored under the v2 Unsupported category at 25 points. This verdict measures demonstrated reliability and does not by itself establish deceptive intent.,"Do not label this a proven lie. The underlying financing claim was unsupported, but intent and legal liability were contested.",Factual assertion,FALSE_OR_UNSUPPORTED,0.0,Yes
SPACEX-001,2.0,2011,SpaceX,Business & Technology,Mars,Prediction or Forecast,Reach Mars in about 10 years.,Around 2021,https://archive.is/c2u4U,NYT audit of Musk business goals,Tier 1 independent transcription,2026-07-26,False,Incorrect,0,Yes,,The measurable forecast did not occur within the stated timeframe.,No,,Missed earliest estimate,Unfulfilled or reversed,Not applicable,Not established,SpaceX had not sent a spacecraft to Mars by 2021 or by the evaluation date.,https://www.nytimes.com/interactive/2026/06/02/technology/elon-musk-promises-spacex-ipo.html,Elon Musk Laid Out 602 Goals. We Counted How Many He Hit,,,High,"High-impact, concrete, externally verifiable claim or dated commitment","Primary source and/or major wire, official record, or established fact-checker",Scored under the v2 False category at 0 points. This verdict measures demonstrated reliability and does not by itself establish deceptive intent.,"A missed deadline is scored as a reliability failure, not automatically as a deliberate lie.",Dated forecast,NOT_FULFILLED,0.0,Yes
SPACEX-002,2.0,2011,SpaceX,Business & Technology,Mars,Prediction or Forecast,Reach Mars within 15 to 20 years in the worst case.,2026 to 2031,https://archive.is/c2u4U,NYT audit of Musk business goals,Tier 1 independent transcription,2026-07-26,Pending,Pending,,No,Deadline or relevant condition had not matured by the evaluation date.,The relevant deadline or stated condition had not matured by the evaluation date.,No,,Window partly open,Pending,Not applicable,Not established,"The earliest edge of the stated worst-case window had arrived, but the full window runs through roughly 2031.",https://www.nytimes.com/interactive/2026/06/02/technology/elon-musk-promises-spacex-ipo.html,Elon Musk Laid Out 602 Goals. We Counted How Many He Hit,,,High,"High-impact, concrete, externally verifiable claim or dated commitment","Primary source and/or major wire, official record, or established fact-checker",Excluded from the v2 Trust Score as Pending: Deadline or relevant condition had not matured by the evaluation date.,Excluded because the stated range has not fully elapsed.,Long-range forecast,PENDING,,No
SPACEX-003,2.0,2012-07-12,SpaceX,Business & Technology,Human Mars mission,Prediction or Forecast,"People would reach Mars in 12 to 15 years, and in less than 20 years.",Most likely 2024 to 2027; outer bound 2032,https://archive.is/c2u4U,NYT audit transcript of Musk's Mars goals,Tier 1 independent transcription,2026-07-26,Pending,Pending,,No,Deadline or relevant condition had not matured by the evaluation date.,The relevant deadline or stated condition had not matured by the evaluation date.,No,,Most-likely window nearly elapsed; outer bound future,Pending,Not applicable,Not established,"No human has reached Mars, but the most-likely window does not fully expire until July 2027 and the broader outer bound is later.",https://www.nytimes.com/interactive/2026/06/02/technology/elon-musk-promises-spacex-ipo.html,Elon Musk Laid Out 602 Goals. We Counted How Many He Hit,,,High,"High-impact, concrete, externally verifiable claim or dated commitment","Primary source and/or major wire, official record, or established fact-checker",Excluded from the v2 Trust Score as Pending: Deadline or relevant condition had not matured by the evaluation date.,Excluded until the stated window expires.,Dated forecast,PENDING,,No
SPACEX-004,2.0,2019-09-28,SpaceX,Business & Technology,Starship orbital flight,Prediction or Forecast,Send Starship to orbit in less than six months.,By roughly 2020-03,https://www.reuters.com/article/lifestyle/science/elon-musk-unveils-new-mars-rocket-prototype-expects-missions-in-months-idUSKBN1WE0OF/,Musk unveils Starship prototype and expects missions in months,Tier 1 independent quoting Musk,2026-07-26,Misleading,Materially Late,50,Yes,,"The central outcome eventually occurred, but the missed deadline was material to the original claim.",No,,About three years late,Partially fulfilled or materially late,Not applicable,Not established,The first integrated Starship flight test occurred in April 2023 and did not complete a full orbit.,https://www.reuters.com/business/aerospace-defense/elon-musks-spacex-launches-debut-flight-starship-rocket-system-2023-04-20/,SpaceX launches debut flight of Starship rocket system,,,High,"High-impact, concrete, externally verifiable claim or dated commitment","Primary source and/or major wire, official record, or established fact-checker",Scored under the v2 Misleading category at 50 points. This verdict measures demonstrated reliability and does not by itself establish deceptive intent.,"A missed deadline is scored as a reliability failure, not automatically as a deliberate lie.",Dated forecast,FULFILLED_LATE,0.5,Yes
SPACEX-005,2.0,2019-09-28,SpaceX,Business & Technology,Starship crewed flight,Prediction or Forecast,Fly people on Starship in the following year.,2020,https://www.reuters.com/article/lifestyle/science/elon-musk-unveils-new-mars-rocket-prototype-expects-missions-in-months-idUSKBN1WE0OF/,Musk unveils Starship prototype and expects missions in months,Tier 1 independent quoting Musk,2026-07-26,False,Incorrect,0,Yes,,The measurable forecast did not occur within the stated timeframe.,No,,Missed,Unfulfilled or reversed,Not applicable,Not established,Starship had not carried people by 2020 or by the evaluation date.,https://www.reuters.com/business/aerospace-defense/elon-musks-spacex-launches-debut-flight-starship-rocket-system-2023-04-20/,SpaceX launches debut flight of Starship rocket system,https://www.nytimes.com/interactive/2026/06/02/technology/elon-musk-promises-spacex-ipo.html,Elon Musk Laid Out 602 Goals. We Counted How Many He Hit,High,"High-impact, concrete, externally verifiable claim or dated commitment","Primary source and/or major wire, official record, or established fact-checker",Scored under the v2 False category at 0 points. This verdict measures demonstrated reliability and does not by itself establish deceptive intent.,"A missed deadline is scored as a reliability failure, not automatically as a deliberate lie.",Dated forecast,NOT_FULFILLED,0.0,Yes
SPACEX-006,2.0,2022-02-10,SpaceX,Business & Technology,Starship orbital flight,Prediction or Forecast,Starship would reach orbit during 2022.,2022-12-31,https://www.reuters.com/lifestyle/science/spacex-chief-elon-musk-highly-confident-his-starship-will-reach-orbit-this-year-2022-02-11/,Musk highly confident Starship will reach orbit this year,Tier 1 independent quoting Musk,2026-07-26,Mostly True,Mostly Correct,75,Yes,,The central outcome occurred with a relatively limited delay.,No,,Missed by several months,Substantially fulfilled,Not applicable,Not established,The first integrated Starship test flight occurred in April 2023.,https://www.reuters.com/business/aerospace-defense/elon-musks-spacex-launches-debut-flight-starship-rocket-system-2023-04-20/,SpaceX launches debut flight of Starship rocket system,,,High,"High-impact, concrete, externally verifiable claim or dated commitment","Primary source and/or major wire, official record, or established fact-checker",Scored under the v2 Mostly True category at 75 points. This verdict measures demonstrated reliability and does not by itself establish deceptive intent.,"A missed deadline is scored as a reliability failure, not automatically as a deliberate lie.",Dated forecast,FULFILLED_LATE,0.75,Yes
SPACEX-007,2.0,2022-08-22,SpaceX,Business & Technology,Starship orbital flight,Prediction or Forecast,Make Starship reach orbit by the end of 2022.,2022-12-31,https://archive.is/c2u4U,NYT audit transcript of Musk's dated business goals,Tier 1 independent transcription,2026-07-26,Mostly True,Mostly Correct,75,Yes,,The central outcome occurred with a relatively limited delay.,No,,Missed by several months,Substantially fulfilled,Not applicable,Not established,The first integrated flight occurred in April 2023.,https://www.reuters.com/business/aerospace-defense/elon-musks-spacex-launches-debut-flight-starship-rocket-system-2023-04-20/,SpaceX launches debut flight of Starship rocket system,,,High,Repeated public deadline included because the project was explicitly re-promised,"Primary source and/or major wire, official record, or established fact-checker",Scored under the v2 Mostly True category at 75 points. This verdict measures demonstrated reliability and does not by itself establish deceptive intent.,"A missed deadline is scored as a reliability failure, not automatically as a deliberate lie.",Repeated dated goal,FULFILLED_LATE,0.75,Yes
SPACEX-008,2.0,2022-02-10,SpaceX,Business & Technology,Starship manufacturing,Prediction or Forecast,Build a new Starship and booster every month by the end of 2022.,2022-12-31,https://www.reuters.com/lifestyle/science/spacex-chief-elon-musk-highly-confident-his-starship-will-reach-orbit-this-year-2022-02-11/,Musk highly confident Starship will reach orbit this year,Tier 1 independent quoting Musk,2026-07-26,Unresolved,Unresolved,,No,Public manufacturing data are insufficient to verify the claimed complete Starship-and-booster monthly cadence.,Public manufacturing data are insufficient to verify the claimed complete Starship-and-booster monthly cadence.,No,,Public evidence insufficient,Unresolved,Not applicable,Not established,SpaceX did not publish enough standardized manufacturing data to verify whether a complete new ship-and-booster set was produced every month.,https://www.reuters.com/lifestyle/science/spacex-chief-elon-musk-highly-confident-his-starship-will-reach-orbit-this-year-2022-02-11/,Musk highly confident Starship will reach orbit this year,,,Medium,"High-impact, concrete, externally verifiable claim or dated commitment","Primary source and/or major wire, official record, or established fact-checker",Excluded from the v2 Trust Score as Unresolved: Public manufacturing data are insufficient to verify the claimed complete Starship-and-booster monthly cadence.,Excluded because production cadence is not independently verifiable from public data.,Dated forecast,UNCLEAR,,No
SPACEX-009,2.0,2018-09,SpaceX,Business & Technology,dearMoon,Promise or Commitment,Fly Japanese billionaire Yusaku Maezawa and artists around the Moon in 2023.,2023,https://www.reuters.com/lifestyle/science/spacex-chief-elon-musk-highly-confident-his-starship-will-reach-orbit-this-year-2022-02-11/,Musk highly confident Starship will reach orbit this year,Tier 1 independent,2026-07-26,False,Unfulfilled,0,Yes,,The deadline matured without the promised result being delivered under the original terms.,No,,Missed and canceled,Unfulfilled or reversed,Not applicable,Not established,The mission did not fly in 2023 and Maezawa canceled it in 2024 because the schedule remained uncertain.,https://www.reuters.com/technology/space/japanese-billionaire-maezawa-dearmoon-mission-cancels-moon-flyby-2024-06-01/,Japanese billionaire Maezawa cancels dearMoon mission,,,High,"High-impact, concrete, externally verifiable claim or dated commitment","Primary source and/or major wire, official record, or established fact-checker",Scored under the v2 False category at 0 points. This verdict measures demonstrated reliability and does not by itself establish deceptive intent.,"A missed deadline is scored as a reliability failure, not automatically as a deliberate lie.",Dated promise,NOT_FULFILLED,0.0,Yes
SPACEX-010,2.0,2023-04-20,SpaceX,Business & Technology,Starship second flight,Prediction or Forecast,Launch Starship's second flight in roughly six weeks after the first integrated test.,Around 2023-06,https://archive.is/c2u4U,NYT audit transcript of Musk's dated business goals,Tier 1 independent transcription,2026-07-26,Misleading,Materially Late,50,Yes,,"The central outcome eventually occurred, but the missed deadline was material to the original claim.",No,,About five months late,Partially fulfilled or materially late,Not applicable,Not established,"Starship's second integrated flight launched on November 18, 2023.",https://www.spacex.com/launches/mission/?missionId=starship-flight-2,SpaceX Starship Flight 2,,,High,"High-impact, concrete, externally verifiable claim or dated commitment","Primary source and/or major wire, official record, or established fact-checker",Scored under the v2 Misleading category at 50 points. This verdict measures demonstrated reliability and does not by itself establish deceptive intent.,"A missed deadline is scored as a reliability failure, not automatically as a deliberate lie.",Dated forecast,FULFILLED_LATE,0.5,Yes
SPACEX-011,2.0,2024-03,SpaceX,Business & Technology,Mars,Prediction or Forecast,Starship would reach Mars within five years.,By roughly 2029,https://archive.is/c2u4U,NYT audit transcript of Musk's Mars goals,Tier 1 independent transcription,2026-07-26,Pending,Pending,,No,Deadline or relevant condition had not matured by the evaluation date.,The relevant deadline or stated condition had not matured by the evaluation date.,No,,Future target,Pending,Not applicable,Not established,The deadline remains in the future.,https://www.nytimes.com/interactive/2026/06/02/technology/elon-musk-promises-spacex-ipo.html,Elon Musk Laid Out 602 Goals. We Counted How Many He Hit,,,High,"High-impact, concrete, externally verifiable claim or dated commitment","Primary source and/or major wire, official record, or established fact-checker",Excluded from the v2 Trust Score as Pending: Deadline or relevant condition had not matured by the evaluation date.,"A missed deadline is scored as a reliability failure, not automatically as a deliberate lie.",Long-range forecast,PENDING,,No
SPACEX-012,2.0,2024-04,SpaceX,Business & Technology,Mars city,Prediction or Forecast,One million people would live on Mars in about 20 years.,Around 2044,https://archive.is/c2u4U,NYT audit transcript of Musk's Mars goals,Tier 1 independent transcription,2026-07-26,Pending,Pending,,No,Deadline or relevant condition had not matured by the evaluation date.,The relevant deadline or stated condition had not matured by the evaluation date.,No,,Future target,Pending,Not applicable,Not established,The target is decades in the future and cannot yet be scored.,https://www.nytimes.com/interactive/2026/06/02/technology/elon-musk-promises-spacex-ipo.html,Elon Musk Laid Out 602 Goals. We Counted How Many He Hit,,,High,"High-impact, concrete, externally verifiable claim or dated commitment","Primary source and/or major wire, official record, or established fact-checker",Excluded from the v2 Trust Score as Pending: Deadline or relevant condition had not matured by the evaluation date.,"A missed deadline is scored as a reliability failure, not automatically as a deliberate lie.",Long-range forecast,PENDING,,No
SPACEX-013,2.0,2024-11-20,SpaceX,Business & Technology,Uncrewed Mars mission,Prediction or Forecast,Send several uncrewed Starships to Mars in two years.,Around 2026-11,https://archive.is/c2u4U,NYT audit transcript of Musk's Mars goals,Tier 1 independent transcription,2026-07-26,Pending,Pending,,No,Deadline or relevant condition had not matured by the evaluation date.,The relevant deadline or stated condition had not matured by the evaluation date.,No,,Future target,Pending,Not applicable,Not established,The target date had not arrived by the evaluation date.,https://www.nytimes.com/interactive/2026/06/02/technology/elon-musk-promises-spacex-ipo.html,Elon Musk Laid Out 602 Goals. We Counted How Many He Hit,,,High,"High-impact, concrete, externally verifiable claim or dated commitment","Primary source and/or major wire, official record, or established fact-checker",Excluded from the v2 Trust Score as Pending: Deadline or relevant condition had not matured by the evaluation date.,"A missed deadline is scored as a reliability failure, not automatically as a deliberate lie.",Dated forecast,PENDING,,No
SPACEX-014,2.0,2024-11-20,SpaceX,Business & Technology,Crewed Mars mission,Prediction or Forecast,"If the uncrewed missions succeeded, send crewed ships to Mars in four years.",Around 2028-11,https://archive.is/c2u4U,NYT audit transcript of Musk's Mars goals,Tier 1 independent transcription,2026-07-26,Pending,Pending,,No,Deadline or relevant condition had not matured by the evaluation date.,The relevant deadline or stated condition had not matured by the evaluation date.,No,,Conditional and future,Pending,Not applicable,Not established,The deadline and prerequisite remain in the future.,https://www.nytimes.com/interactive/2026/06/02/technology/elon-musk-promises-spacex-ipo.html,Elon Musk Laid Out 602 Goals. We Counted How Many He Hit,,,High,"High-impact, concrete, externally verifiable claim or dated commitment","Primary source and/or major wire, official record, or established fact-checker",Excluded from the v2 Trust Score as Pending: Deadline or relevant condition had not matured by the evaluation date.,"A missed deadline is scored as a reliability failure, not automatically as a deliberate lie.",Dated forecast,PENDING,,No
SPACEX-015,2.0,2025-03-15,SpaceX,Business & Technology,Uncrewed Mars mission,Prediction or Forecast,Launch Starship toward Mars at the end of 2026 carrying an Optimus robot.,End of 2026,https://archive.is/c2u4U,NYT audit transcript of Musk's Mars goals,Tier 1 independent transcription,2026-07-26,Pending,Pending,,No,Deadline or relevant condition had not matured by the evaluation date.,The relevant deadline or stated condition had not matured by the evaluation date.,No,,Future target,Pending,Not applicable,Not established,The target date had not arrived by July 2026.,https://www.nytimes.com/interactive/2026/06/02/technology/elon-musk-promises-spacex-ipo.html,Elon Musk Laid Out 602 Goals. We Counted How Many He Hit,,,High,"High-impact, concrete, externally verifiable claim or dated commitment","Primary source and/or major wire, official record, or established fact-checker",Excluded from the v2 Trust Score as Pending: Deadline or relevant condition had not matured by the evaluation date.,"A missed deadline is scored as a reliability failure, not automatically as a deliberate lie.",Dated forecast,PENDING,,No
SPACEX-016,2.0,2025-03-15,SpaceX,Business & Technology,Human Mars landing,Prediction or Forecast,"Begin human Mars landings as early as 2029, with 2031 more likely.",2029 to 2031,https://archive.is/c2u4U,NYT audit transcript of Musk's Mars goals,Tier 1 independent transcription,2026-07-26,Pending,Pending,,No,Deadline or relevant condition had not matured by the evaluation date.,The relevant deadline or stated condition had not matured by the evaluation date.,No,,Future target,Pending,Not applicable,Not established,The stated window remains in the future.,https://www.nytimes.com/interactive/2026/06/02/technology/elon-musk-promises-spacex-ipo.html,Elon Musk Laid Out 602 Goals. We Counted How Many He Hit,,,High,"High-impact, concrete, externally verifiable claim or dated commitment","Primary source and/or major wire, official record, or established fact-checker",Excluded from the v2 Trust Score as Pending: Deadline or relevant condition had not matured by the evaluation date.,"A missed deadline is scored as a reliability failure, not automatically as a deliberate lie.",Dated forecast,PENDING,,No
SPACEX-017,2.0,2019-10,SpaceX,Business & Technology,Crew Dragon,Prediction or Forecast,Have Crew Dragon hardware ready for a crewed launch within roughly three to four months.,Early 2020,https://www.reuters.com/article/us-space-spacex-musk/spacex-ceo-musk-says-crew-dragon-capsule-will-be-ready-in-three-to-four-months-idUSKBN1WH1LN/,Musk says Crew Dragon capsule will be ready in three to four months,Tier 1 independent quoting Musk,2026-07-26,Mostly True,Mostly Correct,75,Yes,,The central outcome occurred with a relatively limited delay.,No,,Crewed launch occurred in May 2020,Substantially fulfilled,Not applicable,Not established,"NASA and SpaceX launched Demo-2 with astronauts on May 30, 2020, several months beyond the shortest reading of the forecast.",https://www.nasa.gov/mission/nasas-spacex-demo-2/,NASA's SpaceX Demo-2 mission,,,High,"High-impact, concrete, externally verifiable claim or dated commitment","Primary source and/or major wire, official record, or established fact-checker",Scored under the v2 Mostly True category at 75 points. This verdict measures demonstrated reliability and does not by itself establish deceptive intent.,"A missed deadline is scored as a reliability failure, not automatically as a deliberate lie.",Dated forecast,FULFILLED_LATE,0.75,Yes
SPACEX-018,2.0,2017,SpaceX,Business & Technology,Falcon Heavy,Prediction or Forecast,Launch Falcon Heavy during 2017 after repeated schedule revisions.,2017,https://www.nasa.gov/history/5-years-ago-first-flight-of-the-falcon-heavy-rocket/,"NASA: Five years ago, first flight of Falcon Heavy",Official retrospective,2026-07-26,Mostly True,Mostly Correct,75,Yes,,The central outcome occurred with a relatively limited delay.,No,,Missed by weeks,Substantially fulfilled,Not applicable,Not established,"Falcon Heavy's first flight occurred on February 6, 2018.",https://www.nasa.gov/history/5-years-ago-first-flight-of-the-falcon-heavy-rocket/,"NASA: Five years ago, first flight of Falcon Heavy",,,Medium-High,"High-impact, concrete, externally verifiable claim or dated commitment","Primary source and/or major wire, official record, or established fact-checker",Scored under the v2 Mostly True category at 75 points. This verdict measures demonstrated reliability and does not by itself establish deceptive intent.,The precise 2017 promise was reported repeatedly; NASA supplies the definitive outcome date.,Dated forecast,FULFILLED_LATE,0.75,Yes
X-001,2.0,2022-10-28,X / Twitter,Media & Society,Content moderation council,Promise or Commitment,Create a diverse content-moderation council and make no major content decisions or account reinstatements before it convened.,Before major moderation decisions or reinstatements,https://www.reuters.com/markets/deals/elon-musk-says-twitter-will-create-content-moderation-council-2022-10-28/,Musk says Twitter will create content moderation council,Tier 1 independent quoting Musk,2026-07-26,False,Unfulfilled,0,Yes,,The deadline matured without the promised result being delivered under the original terms.,No,,Reinstatements occurred first,Unfulfilled or reversed,Not applicable,Not established,"Musk reinstated major accounts, including Donald Trump's, before any announced council convened; Twitter later dissolved its existing Trust and Safety Council.",https://www.reuters.com/technology/elon-musk-says-twitter-provide-amnesty-some-suspended-accounts-starting-next-2022-11-24/,Musk says Twitter to provide amnesty to some suspended accounts,https://www.reuters.com/technology/twitter-dissolves-trust-safety-council-2022-12-13/,Twitter dissolves Trust and Safety Council,High,"High-impact, concrete, externally verifiable claim or dated commitment","Primary source and/or major wire, official record, or established fact-checker",Scored under the v2 False category at 0 points. This verdict measures demonstrated reliability and does not by itself establish deceptive intent.,"A missed deadline is scored as a reliability failure, not automatically as a deliberate lie.",Dated procedural promise,NOT_FULFILLED,0.0,Yes
X-002,2.0,2022-11-06,X / Twitter,Media & Society,ElonJet account,Promise or Commitment,"Keep the account tracking his private jet online despite the personal-safety risk, as evidence of his free-speech commitment.",No deadline; ongoing commitment,https://politifact.com/factchecks/2022/dec/19/elon-musk/elon-musk-said-he-wouldnt-ban-the-twitter-account/,Musk said he would not ban the Twitter account tracking his jet,Established specialist fact-checker linking the original post,2026-07-26,False,Promise Reversed,0,Yes,,Musk or the relevant organization later did the opposite of the explicit commitment.,No,,Reversed within weeks,Unfulfilled or reversed,Not applicable,Not established,"Twitter suspended @ElonJet on December 14, 2022. PolitiFact classified the reversal as a Full Flop.",https://politifact.com/factchecks/2022/dec/19/elon-musk/elon-musk-said-he-wouldnt-ban-the-twitter-account/,Musk said he would not ban the Twitter account tracking his jet,,,High,Complete current PolitiFact Musk speaker-profile promise-reversal entry,"Primary source and/or major wire, official record, or established fact-checker",Scored under the v2 False category at 0 points. This verdict measures demonstrated reliability and does not by itself establish deceptive intent.,"A missed deadline is scored as a reliability failure, not automatically as a deliberate lie.",Promise,PROMISE_REVERSED,0.0,Yes
X-003,2.0,2022-12-16,X / Twitter,Media & Society,Suspended journalists,Promise or Commitment,Restore suspended journalists immediately after an X poll favored reinstatement.,Immediately after poll,https://www.reuters.com/technology/elon-musks-twitter-suspension-journalists-draws-global-backlash-2022-12-16/,Musk restores Twitter accounts of journalists,Tier 1 independent quoting Musk and documenting outcome,2026-07-26,True,Fulfilled On Time,100,Yes,,The documented outcome matched the central commitment within the stated deadline.,No,,Met,Fulfilled,Not applicable,Not established,The accounts of several suspended journalists were restored after the poll result.,https://www.reuters.com/technology/elon-musks-twitter-suspension-journalists-draws-global-backlash-2022-12-16/,Musk restores Twitter accounts of journalists,,,High,"High-impact, concrete, externally verifiable claim or dated commitment","Primary source and/or major wire, official record, or established fact-checker",Scored under the v2 True category at 100 points. This verdict measures demonstrated reliability and does not by itself establish deceptive intent.,"A missed deadline is scored as a reliability failure, not automatically as a deliberate lie.",Poll-linked promise,FULFILLED_ON_TIME,1.0,Yes
X-004,2.0,2023-03,X / Twitter,Media & Society,Recommendation algorithm,Promise or Commitment,"Publish Twitter's content-recommendation code on March 31, 2023.",2023-03-31,https://www.reuters.com/technology/twitter-makes-content-recommendation-code-public-2023-03-31/,Twitter makes some of its source code public,Tier 1 independent quoting Musk,2026-07-26,Misleading,Partially Fulfilled,50,Yes,,"The date was met, but only part of the promised recommendation code was released. The material scope shortfall is scored Misleading.",No,,Date met; scope narrower than implied,Partially fulfilled or materially late,Not applicable,Not established,"Twitter published parts of the recommendation code on March 31, but Reuters described the release as only part of the relevant code.",https://www.reuters.com/technology/twitter-makes-content-recommendation-code-public-2023-03-31/,Twitter makes some of its source code public,https://github.com/twitter/the-algorithm,Twitter's public algorithm repository,High,"High-impact, concrete, externally verifiable claim or dated commitment","Primary source and/or major wire, official record, or established fact-checker",Scored under the v2 Misleading category at 50 points. This verdict measures demonstrated reliability and does not by itself establish deceptive intent.,Excluded from binary headline scoring because the date was met but the promised scope was only partial.,Dated transparency promise,PARTIALLY_FULFILLED,0.75,No
X-005,2.0,2023-03-31,X / Twitter,Media & Society,Recommendation algorithm,Promise or Commitment,Make the entirety of the recommendation code public within the next few weeks.,April 2023,https://www.reuters.com/technology/twitter-makes-content-recommendation-code-public-2023-03-31/,Twitter makes some of its source code public,Tier 1 independent quoting Musk,2026-07-26,False,Unfulfilled,0,Yes,,The deadline matured without the promised result being delivered under the original terms.,No,,Missed,Unfulfilled or reversed,Not applicable,Not established,No documented complete release followed within weeks; X announced another broad open-source release nearly three years later.,https://www.reuters.com/business/media-telecom/musks-x-open-source-new-algorithm-seven-days-2026-01-10/,Musk's X to open source new algorithm in seven days,https://techcrunch.com/2026/01/20/x-open-sources-its-algorithm-while-facing-a-transparency-fine-and-grok-controversies/,X open sources its algorithm in 2026,High,"High-impact, concrete, externally verifiable claim or dated commitment","Primary source and/or major wire, official record, or established fact-checker",Scored under the v2 False category at 0 points. This verdict measures demonstrated reliability and does not by itself establish deceptive intent.,"A missed deadline is scored as a reliability failure, not automatically as a deliberate lie.",Dated follow-up promise,NOT_FULFILLED,0.0,Yes
X-006,2.0,2026-01-10,X / Twitter,Media & Society,Recommendation algorithm,Promise or Commitment,"Open-source the new X recommendation algorithm, including organic and advertising recommendation code, within seven days.",2026-01-17,https://www.reuters.com/business/media-telecom/musks-x-open-source-new-algorithm-seven-days-2026-01-10/,Musk's X to open source new algorithm in seven days,Tier 1 independent quoting Musk,2026-07-26,Mostly True,Fulfilled Slightly Late,75,Yes,,The central outcome occurred with a relatively limited delay.,No,,About three days late,Substantially fulfilled,Not applicable,Not established,"X released the code on January 20, 2026, approximately ten days after the promise and three days beyond the stated seven-day deadline.",https://techcrunch.com/2026/01/20/x-open-sources-its-algorithm-while-facing-a-transparency-fine-and-grok-controversies/,X open sources its algorithm while facing transparency scrutiny,https://github.com/twitter/the-algorithm,X algorithm repository,High,"High-impact, concrete, externally verifiable claim or dated commitment","Primary source and/or major wire, official record, or established fact-checker",Scored under the v2 Mostly True category at 75 points. This verdict measures demonstrated reliability and does not by itself establish deceptive intent.,"A missed deadline is scored as a reliability failure, not automatically as a deliberate lie.",Dated promise,FULFILLED_LATE,0.75,Yes
X-007,2.0,2026-01-10,X / Twitter,Media & Society,Recommendation algorithm,Promise or Commitment,Publish algorithm updates and detailed developer notes every four weeks for the foreseeable future.,Every four weeks beginning in 2026,https://www.reuters.com/business/media-telecom/musks-x-open-source-new-algorithm-seven-days-2026-01-10/,Musk's X to open source new algorithm in seven days,Tier 1 independent quoting Musk,2026-07-26,Unresolved,Unresolved,,No,A complete four-week publication cadence cannot be independently audited from the available public record.,A complete four-week publication cadence cannot be independently audited from the available public record.,No,,Insufficient public audit trail,Unresolved,Not applicable,Not established,"A repository exists, but a reliable independent month-by-month audit of complete four-week disclosures was not available for this version of the dataset.",https://github.com/twitter/the-algorithm,X algorithm repository,,,Medium,"High-impact, concrete, externally verifiable claim or dated commitment","Primary source and/or major wire, official record, or established fact-checker",Excluded from the v2 Trust Score as Unresolved: A complete four-week publication cadence cannot be independently audited from the available public record.,Recurring claims require a reproducible commit-history audit before scoring.,Recurring promise,UNCLEAR,,No
X-008,2.0,2023-08-05,X / Twitter,Media & Society,Legal support for users,Promise or Commitment,"Pay legal bills, with no stated limit, for users unfairly treated by employers because of posts or likes on X.",Ongoing,https://www.reuters.com/legal/musks-x-fund-legal-bills-people-treated-unfairly-due-posting-platform-2023-08-06/,Musk's X to pay legal bills of people treated unfairly for posting,Tier 1 independent quoting Musk,2026-07-26,Unresolved,Unresolved,,No,"At least one prominent case was funded, but the universal, unlimited promise has no objective completion threshold and cannot be fairly scored.","At least one prominent case was funded, but the universal, unlimited promise has no objective completion threshold and cannot be fairly scored.",No,,At least one prominent case funded,Unresolved,Not applicable,Not established,"X paid Gina Carano's legal bills in her case against Disney, and the dispute later settled. The universal, no-limit wording cannot be verified for all eligible users.",https://www.reuters.com/legal/government/elon-musks-x-taps-small-dc-law-firm-free-speech-battles-2024-02-08/,X pays Gina Carano's legal bills,https://www.reuters.com/legal/litigation/disney-settles-lawsuit-with-fired-mandalorian-actress-gina-carano-2025-08-07/,Disney settles Gina Carano lawsuit,High,"High-impact, concrete, externally verifiable claim or dated commitment","Primary source and/or major wire, official record, or established fact-checker","Excluded from the v2 Trust Score as Unresolved: At least one prominent case was funded, but the universal, unlimited promise has no objective completion threshold and cannot be fairly scored.","Counted as concrete partial performance, but excluded from binary scoring because the promise had undefined eligibility and unlimited scope.",Open-ended promise,PARTIALLY_FULFILLED,0.5,No
X-009,2.0,2022-11-06,X / Twitter,Media & Society,Information accuracy,Opinion or Rhetoric,Make Twitter by far the most accurate source of information about the world.,No measurable deadline,https://www.reuters.com/technology/twitter-handles-engaging-impersonation-without-clearly-specifying-will-be-2022-11-06/,Musk says Twitter's mission is to become the most accurate information source,Tier 1 independent quoting Musk,2026-07-26,Unresolved,Unresolved,,No,The mission statement lacks a measurable definition of accuracy and an objective deadline.,The mission statement lacks a measurable definition of accuracy and an objective deadline.,No,,No operational metric or deadline,Not applicable,Not applicable,Not established,"The statement supplies neither a measurable definition of accuracy nor a deadline, so a pass/fail determination would be subjective.",https://www.reuters.com/technology/twitter-handles-engaging-impersonation-without-clearly-specifying-will-be-2022-11-06/,Musk says Twitter's mission is to become the most accurate information source,,,High,"High-impact, concrete, externally verifiable claim or dated commitment","Primary source and/or major wire, official record, or established fact-checker",Excluded from the v2 Trust Score as Unresolved: The mission statement lacks a measurable definition of accuracy and an objective deadline.,Aspirational slogans are retained for context but excluded from all percentages.,Aspirational mission statement,UNSCORABLE,,No
X-010,2.0,2022-12-20,X / Twitter,Media & Society,CEO succession,Promise or Commitment,Step down as Twitter chief executive after finding a successor.,When a successor was found,https://www.reuters.com/technology/musk-says-he-will-step-down-twitter-ceo-once-he-finds-successor-2022-12-21/,Musk says he will step down as Twitter CEO once he finds a successor,Tier 1 independent quoting Musk,2026-07-26,True,Fulfilled,100,Yes,,The available evidence supports the central claim or shows the commitment was fulfilled as stated.,No,,Condition met in 2023,Fulfilled,Not applicable,Not established,Musk appointed Linda Yaccarino as CEO in May 2023 and moved to executive chair and chief technology officer roles.,https://www.reuters.com/business/autos-transportation/xs-tumultuous-journey-under-elon-musk-2025-07-09/,X's tumultuous journey under Elon Musk,,,High,"High-impact, concrete, externally verifiable claim or dated commitment","Primary source and/or major wire, official record, or established fact-checker",Scored under the v2 True category at 100 points. This verdict measures demonstrated reliability and does not by itself establish deceptive intent.,"A missed deadline is scored as a reliability failure, not automatically as a deliberate lie.",Conditional promise,FULFILLED,1.0,Yes
X-011,2.0,2022-11-24,X / Twitter,Media & Society,Account amnesty,Promise or Commitment,"Begin a general amnesty for suspended accounts the following week, excluding illegal activity and egregious spam.",Week beginning 2022-11-28,https://www.reuters.com/technology/elon-musk-says-twitter-provide-amnesty-some-suspended-accounts-starting-next-2022-11-24/,Musk says Twitter to provide amnesty to some suspended accounts,Tier 1 independent quoting Musk,2026-07-26,Mostly True,Substantially Fulfilled,75,Yes,,"The general amnesty began near the promised time, but its scope and exceptions were not fully auditable; the core commitment was substantially fulfilled.",No,,Reinstatements occurred on schedule; boundaries remained inconsistent,Substantially fulfilled,Not applicable,Not established,"Reuters reported by December 12 that Musk had reinstated accounts under a general amnesty, although the scale and consistent application of the exceptions were not independently auditable.",https://www.reuters.com/world/lgbtq-africans-fight-twitter-hate-speech-after-musks-takeover--trfn-2022-12-12/,LGBTQ+ Africans fight Twitter hate speech after Musk takeover,https://www.reuters.com/technology/twitter-introduce-new-controls-ad-placements-email-2022-12-09/,Twitter says amnesty excludes bad actors and illegal activity,Medium-High,"High-impact, concrete, externally verifiable claim or dated commitment","Primary source and/or major wire, official record, or established fact-checker",Scored under the v2 Mostly True category at 75 points. This verdict measures demonstrated reliability and does not by itself establish deceptive intent.,"Date performance is scored, but the undefined scope keeps it out of binary resolved scoring.",Dated promise,PARTIALLY_FULFILLED,0.75,No
NEURALINK-001,2.0,2019-07,Neuralink,Science & Health,Human trials,Prediction or Forecast,Obtain regulatory approval for human brain-implant trials by the end of 2020.,2020-12-31,https://www.reuters.com/technology/elon-musks-missed-deadlines-fda-approval-neuralink-brain-chip-trials-2023-03-02/,Musk's missed Neuralink FDA deadlines,Tier 1 investigative reporting reconstructing the statement,2026-07-26,Misleading,Materially Late,50,Yes,,"The central outcome eventually occurred, but the missed deadline was material to the original claim.",No,,About two and a half years late,Partially fulfilled or materially late,Not applicable,Not established,"The FDA cleared Neuralink's first-in-human study in May 2023, well after the 2020 target.",https://www.reuters.com/science/elon-musks-neuralink-gets-us-fda-approval-human-clinical-study-brain-implants-2023-05-25/,Neuralink wins FDA clearance for first human study,,,High,"High-impact, concrete, externally verifiable claim or dated commitment","Primary source and/or major wire, official record, or established fact-checker",Scored under the v2 Misleading category at 50 points. This verdict measures demonstrated reliability and does not by itself establish deceptive intent.,"A missed deadline is scored as a reliability failure, not automatically as a deliberate lie.",Dated forecast,FULFILLED_LATE,0.5,Yes
NEURALINK-002,2.0,2021-02,Neuralink,Science & Health,Human trials,Prediction or Forecast,Begin initial human trials later in 2021 if safety work and FDA discussions went well.,2021-12-31,https://www.reuters.com/technology/elon-musks-missed-deadlines-fda-approval-neuralink-brain-chip-trials-2023-03-02/,Musk's missed Neuralink FDA deadlines,Tier 1 investigative reporting quoting Musk,2026-07-26,Misleading,Materially Late,50,Yes,,"The central outcome eventually occurred, but the missed deadline was material to the original claim.",No,,More than two years late,Partially fulfilled or materially late,Not applicable,Not established,Neuralink did not begin its first human implant trial until 2024.,https://www.reuters.com/technology/neuralink-implants-brain-chip-first-human-musk-says-2024-01-29/,Neuralink implants brain chip in first human,https://www.reuters.com/legal/litigation/elon-musks-neuralink-says-it-has-21-participants-enrolled-trials-2026-01-28/,Neuralink reports 21 trial participants in 2026,High,"High-impact, concrete, externally verifiable claim or dated commitment","Primary source and/or major wire, official record, or established fact-checker",Scored under the v2 Misleading category at 50 points. This verdict measures demonstrated reliability and does not by itself establish deceptive intent.,"A missed deadline is scored as a reliability failure, not automatically as a deliberate lie.",Dated forecast,FULFILLED_LATE,0.5,Yes
NEURALINK-003,2.0,2022-04,Neuralink,Science & Health,First human implant,Prediction or Forecast,Perform Neuralink's first human implant during 2022.,2022-12-31,https://www.reuters.com/technology/elon-musks-missed-deadlines-fda-approval-neuralink-brain-chip-trials-2023-03-02/,Musk's missed Neuralink FDA deadlines,Tier 1 investigative reporting quoting Musk,2026-07-26,Misleading,Materially Late,50,Yes,,"The central outcome eventually occurred, but the missed deadline was material to the original claim.",No,,About thirteen months late,Partially fulfilled or materially late,Not applicable,Not established,"The first human implant occurred in January 2024, after the 2022 target.",https://www.reuters.com/technology/neuralink-implants-brain-chip-first-human-musk-says-2024-01-29/,Neuralink implants brain chip in first human,,,High,"High-impact, concrete, externally verifiable claim or dated commitment","Primary source and/or major wire, official record, or established fact-checker",Scored under the v2 Misleading category at 50 points. This verdict measures demonstrated reliability and does not by itself establish deceptive intent.,"A missed deadline is scored as a reliability failure, not automatically as a deliberate lie.",Dated aspirational forecast,FULFILLED_LATE,0.5,Yes
NEURALINK-004,2.0,2022-11-30,Neuralink,Science & Health,Human trials,Prediction or Forecast,Begin human clinical trials within six months.,By 2023-05-31,https://www.reuters.com/technology/elon-musk-says-expects-neuralink-begin-human-trials-six-months-2022-12-01/,Musk expects Neuralink human trials in six months,Tier 1 independent quoting Musk,2026-07-26,Mostly True,Mostly Correct,75,Yes,,The central outcome occurred with a relatively limited delay.,No,,FDA clearance arrived at deadline; implantation began about eight months later,Substantially fulfilled,Not applicable,Not established,"FDA clearance came in May 2023, but the first participant was implanted in January 2024, so actual human testing began later than six months.",https://www.reuters.com/science/elon-musks-neuralink-gets-us-fda-approval-human-clinical-study-brain-implants-2023-05-25/,Neuralink wins FDA clearance,https://www.reuters.com/technology/neuralink-implants-brain-chip-first-human-musk-says-2024-01-29/,Neuralink implants first human,High,"High-impact, concrete, externally verifiable claim or dated commitment","Primary source and/or major wire, official record, or established fact-checker",Scored under the v2 Mostly True category at 75 points. This verdict measures demonstrated reliability and does not by itself establish deceptive intent.,"A missed deadline is scored as a reliability failure, not automatically as a deliberate lie.",Dated forecast,FULFILLED_LATE,0.75,Yes
NEURALINK-005,2.0,2024-01-29,Neuralink,Science & Health,Telepathy product capability,Promise or Commitment,The first Neuralink product would let users control a phone or computer by thought.,No explicit deadline,https://www.reuters.com/technology/neuralink-implants-brain-chip-first-human-musk-says-2024-01-29/,Neuralink implants brain chip in first human,Tier 1 independent quoting Musk,2026-07-26,True,Fulfilled,100,Yes,,The available evidence supports the central claim or shows the commitment was fulfilled as stated.,No,,Demonstrated in first participant,Fulfilled,Not applicable,Not established,The first participant controlled a computer cursor and later played online chess using the implant.,https://www.reuters.com/business/healthcare-pharmaceuticals/neuralinks-first-human-patient-able-control-mouse-through-thinking-musk-says-2024-02-20/,First Neuralink patient controls mouse by thought,https://www.reuters.com/business/healthcare-pharmaceuticals/neuralink-shows-first-brain-chip-patient-playing-online-chess-2024-03-21/,Neuralink patient plays online chess by thought,High,"High-impact, concrete, externally verifiable claim or dated commitment","Primary source and/or major wire, official record, or established fact-checker",Scored under the v2 True category at 100 points. This verdict measures demonstrated reliability and does not by itself establish deceptive intent.,"A missed deadline is scored as a reliability failure, not automatically as a deliberate lie.",Capability claim,FULFILLED,1.0,Yes
NEURALINK-006,2.0,2026-01-01,Neuralink,Science & Health,Manufacturing and surgery,Prediction or Forecast,Begin high-volume implant production and fully automated surgery during 2026.,2026-12-31,https://www.reuters.com/business/healthcare-pharmaceuticals/musk-says-neuralink-start-high-volume-production-interface-devices-by-2026-2026-01-01/,Musk says Neuralink plans high-volume production by 2026,Tier 1 independent quoting Musk,2026-07-26,Pending,Pending,,No,Deadline or relevant condition had not matured by the evaluation date.,The relevant deadline or stated condition had not matured by the evaluation date.,No,,Deadline still open,Pending,Not applicable,Not established,"The 2026 deadline had not elapsed by the evaluation date. Neuralink reported 21 enrolled trial participants in January 2026, but that does not establish high-volume production or fully automated surgery.",https://www.reuters.com/legal/litigation/elon-musks-neuralink-says-it-has-21-participants-enrolled-trials-2026-01-28/,Neuralink reports 21 trial participants,,,High,"High-impact, concrete, externally verifiable claim or dated commitment","Primary source and/or major wire, official record, or established fact-checker",Excluded from the v2 Trust Score as Pending: Deadline or relevant condition had not matured by the evaluation date.,Future target excluded until the calendar year closes and evidence is available.,Dated forecast,PENDING,,No
BORING-001,2.0,2018,The Boring Company,Business & Technology,Hawthorne test tunnel,Promise or Commitment,"Open the first Los Angeles-area test tunnel on December 10, 2018.",2018-12-10,https://www.reuters.com/article/world/elon-musk-unveils-his-first-los-angeles-area-tunnel-idUSKBN1OI03Q/,Musk unveils first Los Angeles-area tunnel,Tier 1 independent documenting statement and outcome,2026-07-26,Mostly True,Fulfilled Slightly Late,75,Yes,,The central outcome occurred with a relatively limited delay.,No,,Eight days late,Substantially fulfilled,Not applicable,Not established,"The tunnel was unveiled on December 18, 2018, eight days after the announced opening date.",https://www.reuters.com/article/world/elon-musk-unveils-his-first-los-angeles-area-tunnel-idUSKBN1OI03Q/,Musk unveils first Los Angeles-area tunnel,,,High,"High-impact, concrete, externally verifiable claim or dated commitment","Primary source and/or major wire, official record, or established fact-checker",Scored under the v2 Mostly True category at 75 points. This verdict measures demonstrated reliability and does not by itself establish deceptive intent.,"A missed deadline is scored as a reliability failure, not automatically as a deliberate lie.",Dated promise,FULFILLED_LATE,0.75,Yes
BORING-002,2.0,2018-12-18,The Boring Company,Business & Technology,Public tunnel rides,Promise or Commitment,Offer free rides to the public in the Hawthorne tunnel in the coming months.,Early 2019,https://www.reuters.com/article/world/elon-musk-unveils-his-first-los-angeles-area-tunnel-idUSKBN1OI03Q/,Musk unveils first Los Angeles-area tunnel,Tier 1 independent quoting Musk,2026-07-26,False,Unfulfilled,0,Yes,,The deadline matured without the promised result being delivered under the original terms.,No,,No sustained public service documented,Unfulfilled or reversed,Not applicable,Not established,The Hawthorne tunnel remained a test facility rather than becoming a regular free public transport service.,https://www.boringcompany.com/projects,The Boring Company project list,https://www.nytimes.com/interactive/2026/06/02/technology/elon-musk-promises-spacex-ipo.html,NYT audit of Musk's dated business goals,Medium-High,"High-impact, concrete, externally verifiable claim or dated commitment","Primary source and/or major wire, official record, or established fact-checker",Scored under the v2 False category at 0 points. This verdict measures demonstrated reliability and does not by itself establish deceptive intent.,One-off demonstrations are not treated as the promised continuing public service.,Dated promise,NOT_FULFILLED,0.0,Yes
BORING-003,2.0,2018-06,The Boring Company,Business & Technology,Chicago airport tunnel,Prediction or Forecast,"Begin drilling the Chicago airport express tunnel within three to four months, subject to approvals.",September to October 2018,https://www.reuters.com/article/world/us-chicago-mayor-meets-with-dot-officials-on-musks-tunnel-project-idUSKBN1JO2CS/,Chicago mayor meets DOT officials on Musk tunnel project,Tier 1 independent quoting Musk,2026-07-26,False,Incorrect,0,Yes,,The measurable forecast did not occur within the stated timeframe.,No,,Missed; project never broke ground,Unfulfilled or reversed,Not applicable,Not established,The Chicago project did not begin drilling and was never built.,https://www.boringcompany.com/projects,The Boring Company project list,https://www.nytimes.com/interactive/2026/06/02/technology/elon-musk-promises-spacex-ipo.html,NYT audit of Musk's dated business goals,High,"High-impact, concrete, externally verifiable claim or dated commitment","Primary source and/or major wire, official record, or established fact-checker",Scored under the v2 False category at 0 points. This verdict measures demonstrated reliability and does not by itself establish deceptive intent.,"Although approvals were a stated dependency, the public schedule did not materialize and the project was abandoned.",Dated forecast,NOT_FULFILLED,0.0,Yes
BORING-004,2.0,2018-06,The Boring Company,Business & Technology,Chicago airport tunnel,Prediction or Forecast,Make the Chicago airport express operational 18 to 24 months after drilling began.,Roughly 2020 to 2021,https://www.reuters.com/article/world/us-chicago-mayor-meets-with-dot-officials-on-musks-tunnel-project-idUSKBN1JO2CS/,Chicago mayor meets DOT officials on Musk tunnel project,Tier 1 independent quoting Musk,2026-07-26,False,Incorrect,0,Yes,,The measurable forecast did not occur within the stated timeframe.,No,,Missed; project never built,Unfulfilled or reversed,Not applicable,Not established,No Chicago airport tunnel service opened.,https://www.boringcompany.com/projects,The Boring Company project list,https://www.nytimes.com/interactive/2026/06/02/technology/elon-musk-promises-spacex-ipo.html,NYT audit of Musk's dated business goals,High,"High-impact, concrete, externally verifiable claim or dated commitment","Primary source and/or major wire, official record, or established fact-checker",Scored under the v2 False category at 0 points. This verdict measures demonstrated reliability and does not by itself establish deceptive intent.,"A missed deadline is scored as a reliability failure, not automatically as a deliberate lie.",Dated forecast,NOT_FULFILLED,0.0,Yes
BORING-005,2.0,2017-07-20,The Boring Company,Politics & Government,New York to Washington tunnel,Factual Assertion,Said he had received verbal U.S. government approval for an underground New York-to-Washington route.,Present-tense claim,https://www.axios.com/2017/12/15/white-house-didnt-give-elon-musk-verbal-approval-for-tunnel-project-1513306894,White House did not give Musk verbal approval for tunnel project,Independent reporting quoting White House adviser,2026-07-26,False,False,0,Yes,,"A White House adviser directly contradicted the claimed government approval, and formal approval had not been granted.",Yes,Evidence favors contradiction,Not applicable,Not applicable,False,Not established,"A White House adviser said Musk had received expressions of excitement, not government approval; formal approvals had not been granted.",https://www.axios.com/2017/12/15/white-house-didnt-give-elon-musk-verbal-approval-for-tunnel-project-1513306894,White House did not give Musk verbal approval for tunnel project,,,High,"High-impact, concrete, externally verifiable claim or dated commitment","Primary source and/or major wire, official record, or established fact-checker",Scored under the v2 False category at 0 points. This verdict measures demonstrated reliability and does not by itself establish deceptive intent.,"A missed deadline is scored as a reliability failure, not automatically as a deliberate lie.",Factual assertion,FALSE_OR_UNSUPPORTED,0.0,Yes
PUBLIC-001,2.0,2025-11-04,Public discourse,Politics & Government,Elections,Factual Assertion,Said New York City's ballot was a scam because mayoral candidates appeared twice.,Present-tense or retrospective claim,https://politifact.com/factchecks/2025/nov/04/elon-musk/new-york-city-mayor-election-ballot-fusion/,"Listing candidates twice is fusion voting, not a scam",Established specialist fact-checker with linked original statement,2026-07-26,False,False,0,Yes,,Reliable evidence directly contradicted the central factual claim.,Yes,Evidence favors contradiction,Not applicable,Not applicable,False,Not established,Candidates appeared on multiple party lines under New York's longstanding fusion-voting system; voters could still vote for each candidate only once.,https://politifact.com/factchecks/2025/nov/04/elon-musk/new-york-city-mayor-election-ballot-fusion/,"Listing candidates twice is fusion voting, not a scam",https://politifact.com/personalities/elon-musk/,PolitiFact Elon Musk speaker scorecard,High,"Complete current PolitiFact Musk speaker-profile factual-claim corpus; this is a disputed-claims sample, not a random sample of everything Musk says","Established specialist fact-checker citing primary records, official data, experts, and the original Musk statement",Scored under the v2 False category at 0 points. This verdict measures demonstrated reliability and does not by itself establish deceptive intent.,A false rating establishes factual inaccuracy under the cited evidence; it does not by itself establish that Musk knowingly lied.,Factual assertion,FALSE,0.0,Yes
PUBLIC-002,2.0,2025-02-28,Public discourse,Politics & Government,Social Security,Factual Assertion,Called Social Security the biggest Ponzi scheme of all time.,Present-tense or retrospective claim,https://politifact.com/factchecks/2025/mar/19/elon-musk/is-social-security-a-ponzi-scheme-fact-checking-el/,Is Social Security a Ponzi scheme?,Established specialist fact-checker with linked original statement,2026-07-26,Misleading,Misleading,50,Yes,,The statement is an analogy that creates a materially inaccurate impression rather than a clean literal factual proposition.,Yes,Evidence favors contradiction,Not applicable,Not applicable,Misleading,Not established,"PolitiFact found the analogy materially misleading because Social Security is a legally authorized public social-insurance program with transparent financing, not a fraudulent investment scheme.",https://politifact.com/factchecks/2025/mar/19/elon-musk/is-social-security-a-ponzi-scheme-fact-checking-el/,Is Social Security a Ponzi scheme?,https://politifact.com/personalities/elon-musk/,PolitiFact Elon Musk speaker scorecard,High,"Complete current PolitiFact Musk speaker-profile factual-claim corpus; this is a disputed-claims sample, not a random sample of everything Musk says","Established specialist fact-checker citing primary records, official data, experts, and the original Musk statement",Scored under the v2 Misleading category at 50 points. This verdict measures demonstrated reliability and does not by itself establish deceptive intent.,A false rating establishes factual inaccuracy under the cited evidence; it does not by itself establish that Musk knowingly lied.,Factual assertion,FALSE,0.0,Yes
PUBLIC-003,2.0,2025-02-20,Public discourse,Politics & Government,Immigration and elections,Factual Assertion,Said President Biden's immigration policy was a giant voter-importation scam.,Present-tense or retrospective claim,https://politifact.com/factchecks/2025/feb/21/elon-musk/fact-check-elon-musk-cpac-bidens-immigration-polic/,No evidence of a Biden voter-importation plan,Established specialist fact-checker with linked original statement,2026-07-26,Unsupported,Unsupported,25,Yes,,"No credible evidence substantiates the alleged voter-importation strategy, but the claimed political motive cannot be conclusively disproven.",Yes,Unresolved,Not applicable,Not applicable,Unsupported,Not established,PolitiFact found no evidence of a plan to import voters; noncitizens cannot lawfully vote in federal elections and naturalization generally takes years.,https://politifact.com/factchecks/2025/feb/21/elon-musk/fact-check-elon-musk-cpac-bidens-immigration-polic/,No evidence of a Biden voter-importation plan,https://politifact.com/personalities/elon-musk/,PolitiFact Elon Musk speaker scorecard,High,"Complete current PolitiFact Musk speaker-profile factual-claim corpus; this is a disputed-claims sample, not a random sample of everything Musk says","Established specialist fact-checker citing primary records, official data, experts, and the original Musk statement",Scored under the v2 Unsupported category at 25 points. This verdict measures demonstrated reliability and does not by itself establish deceptive intent.,A false rating establishes factual inaccuracy under the cited evidence; it does not by itself establish that Musk knowingly lied.,Factual assertion,FALSE,0.0,Yes
PUBLIC-004,2.0,2025-02-10,Public discourse,Politics & Government,FEMA funding,Factual Assertion,Said FEMA sent $59 million in disaster-relief money to luxury New York hotels for migrants.,Present-tense or retrospective claim,https://politifact.com/factchecks/2025/feb/14/elon-musk/fema-did-not-give-disaster-relief-money-to-new-yor/,FEMA did not divert disaster relief money to luxury hotels,Established specialist fact-checker with linked original statement,2026-07-26,False,False,0,Yes,,Reliable evidence directly contradicted the central factual claim.,Yes,Evidence favors contradiction,Not applicable,Not applicable,False,Not established,"The funding came from a separate congressionally appropriated migrant-shelter program, not FEMA's disaster-relief fund.",https://politifact.com/factchecks/2025/feb/14/elon-musk/fema-did-not-give-disaster-relief-money-to-new-yor/,FEMA did not divert disaster relief money to luxury hotels,https://politifact.com/personalities/elon-musk/,PolitiFact Elon Musk speaker scorecard,High,"Complete current PolitiFact Musk speaker-profile factual-claim corpus; this is a disputed-claims sample, not a random sample of everything Musk says","Established specialist fact-checker citing primary records, official data, experts, and the original Musk statement",Scored under the v2 False category at 0 points. This verdict measures demonstrated reliability and does not by itself establish deceptive intent.,A false rating establishes factual inaccuracy under the cited evidence; it does not by itself establish that Musk knowingly lied.,Factual assertion,FALSE,0.0,Yes
PUBLIC-005,2.0,2024-11-13,Public discourse,Politics & Government,Pennsylvania election,Factual Assertion,Said Senator Bob Casey was trying to change the election outcome by counting noncitizen votes.,Present-tense or retrospective claim,https://politifact.com/factchecks/2024/nov/19/elon-musk/no-democrat-bob-casey-is-not-asking-to-count-nonci/,Bob Casey was not asking to count noncitizen votes,Established specialist fact-checker with linked original statement,2026-07-26,False,False,0,Yes,,Reliable evidence directly contradicted the central factual claim.,Yes,Evidence favors contradiction,Not applicable,Not applicable,False,Not established,"The litigation concerned provisional ballots with date or signature defects from otherwise eligible voters, not ballots cast by noncitizens.",https://politifact.com/factchecks/2024/nov/19/elon-musk/no-democrat-bob-casey-is-not-asking-to-count-nonci/,Bob Casey was not asking to count noncitizen votes,https://politifact.com/personalities/elon-musk/,PolitiFact Elon Musk speaker scorecard,High,"Complete current PolitiFact Musk speaker-profile factual-claim corpus; this is a disputed-claims sample, not a random sample of everything Musk says","Established specialist fact-checker citing primary records, official data, experts, and the original Musk statement",Scored under the v2 False category at 0 points. This verdict measures demonstrated reliability and does not by itself establish deceptive intent.,A false rating establishes factual inaccuracy under the cited evidence; it does not by itself establish that Musk knowingly lied.,Factual assertion,FALSE,0.0,Yes
PUBLIC-006,2.0,2024-10-02,Public discourse,Politics & Government,CBP One and immigration,Factual Assertion,Said CBP One approval took under five minutes with no documentation and included free government flights into the United States.,Present-tense or retrospective claim,https://politifact.com/factchecks/2024/oct/04/elon-musk/unpacking-elon-musks-false-claim-about-cbp-one-app/,"CBP One claim about approval, documents and flights was false",Established specialist fact-checker with linked original statement,2026-07-26,False,False,0,Yes,,Reliable evidence directly contradicted the central factual claim.,Yes,Evidence favors contradiction,Not applicable,Not applicable,False,Not established,"PolitiFact found that the process required biographical and identity information, screening and an in-person appointment; the app itself did not grant immigration status or free flights.",https://politifact.com/factchecks/2024/oct/04/elon-musk/unpacking-elon-musks-false-claim-about-cbp-one-app/,"CBP One claim about approval, documents and flights was false",https://politifact.com/personalities/elon-musk/,PolitiFact Elon Musk speaker scorecard,High,"Complete current PolitiFact Musk speaker-profile factual-claim corpus; this is a disputed-claims sample, not a random sample of everything Musk says","Established specialist fact-checker citing primary records, official data, experts, and the original Musk statement",Scored under the v2 False category at 0 points. This verdict measures demonstrated reliability and does not by itself establish deceptive intent.,A false rating establishes factual inaccuracy under the cited evidence; it does not by itself establish that Musk knowingly lied.,Factual assertion,FALSE,0.0,Yes
PUBLIC-007,2.0,2024-02-26,Public discourse,Politics & Government,Immigration and elections,Factual Assertion,Said Democrats avoid deportations because every undocumented migrant is a highly likely future vote.,Present-tense or retrospective claim,https://politifact.com/factchecks/2024/mar/06/elon-musk/fact-check-elon-musks-claim-that-democrats-are-avo/,Claim that Democrats avoid deportations to win elections was false,Established specialist fact-checker with linked original statement,2026-07-26,Unsupported,Unsupported,25,Yes,,"No credible evidence substantiates the claimed political motive, but motive cannot be conclusively disproven from the public record.",Yes,Unresolved,Not applicable,Not applicable,Unsupported,Not established,"The claim lacked evidence, ignored deportations under Democratic administrations and conflated undocumented status with future citizenship and voting eligibility.",https://politifact.com/factchecks/2024/mar/06/elon-musk/fact-check-elon-musks-claim-that-democrats-are-avo/,Claim that Democrats avoid deportations to win elections was false,https://politifact.com/personalities/elon-musk/,PolitiFact Elon Musk speaker scorecard,High,"Complete current PolitiFact Musk speaker-profile factual-claim corpus; this is a disputed-claims sample, not a random sample of everything Musk says","Established specialist fact-checker citing primary records, official data, experts, and the original Musk statement",Scored under the v2 Unsupported category at 25 points. This verdict measures demonstrated reliability and does not by itself establish deceptive intent.,A false rating establishes factual inaccuracy under the cited evidence; it does not by itself establish that Musk knowingly lied.,Factual assertion,FALSE,0.0,Yes
PUBLIC-008,2.0,2024-02-16,Public discourse,Science & Health,Hormonal birth control,Factual Assertion,"Said there was clear scientific consensus that hormonal birth control causes weight gain, doubles depression risk and triples suicide risk.",Present-tense or retrospective claim,https://politifact.com/factchecks/2024/feb/23/elon-musk/elon-musk-says-theres-scientific-consensus-on-birt/,No such clear scientific consensus exists,Established specialist fact-checker with linked original statement,2026-07-26,False,False,0,Yes,,Reliable evidence directly contradicted the central factual claim.,Yes,Evidence favors contradiction,Not applicable,Not applicable,False,Not established,Evidence is mixed and method-dependent; experts rejected the claim of a clear consensus and the stated universal risk multipliers.,https://politifact.com/factchecks/2024/feb/23/elon-musk/elon-musk-says-theres-scientific-consensus-on-birt/,No such clear scientific consensus exists,https://politifact.com/personalities/elon-musk/,PolitiFact Elon Musk speaker scorecard,High,"Complete current PolitiFact Musk speaker-profile factual-claim corpus; this is a disputed-claims sample, not a random sample of everything Musk says","Established specialist fact-checker citing primary records, official data, experts, and the original Musk statement",Scored under the v2 False category at 0 points. This verdict measures demonstrated reliability and does not by itself establish deceptive intent.,A false rating establishes factual inaccuracy under the cited evidence; it does not by itself establish that Musk knowingly lied.,Factual assertion,FALSE,0.0,Yes
PUBLIC-009,2.0,2024-02-02,Public discourse,Politics & Government,Immigration and elections,Factual Assertion,Said Biden's strategy was to bring in as many undocumented immigrants as possible and legalize them to create a permanent political majority.,Present-tense or retrospective claim,https://politifact.com/factchecks/2024/feb/06/elon-musk/elon-musk-is-wrong-to-say-joe-biden-is-recruiting/,No evidence Biden was recruiting immigrants to create a permanent majority,Established specialist fact-checker with linked original statement,2026-07-26,Unsupported,Unsupported,25,Yes,,"No credible evidence substantiates the alleged strategy, but the claimed political motive cannot be conclusively disproven.",Yes,Unresolved,Not applicable,Not applicable,Unsupported,Not established,"PolitiFact found no evidence of such a strategy and noted the long, uncertain path from unauthorized entry to citizenship and voting eligibility.",https://politifact.com/factchecks/2024/feb/06/elon-musk/elon-musk-is-wrong-to-say-joe-biden-is-recruiting/,No evidence Biden was recruiting immigrants to create a permanent majority,https://politifact.com/personalities/elon-musk/,PolitiFact Elon Musk speaker scorecard,High,"Complete current PolitiFact Musk speaker-profile factual-claim corpus; this is a disputed-claims sample, not a random sample of everything Musk says","Established specialist fact-checker citing primary records, official data, experts, and the original Musk statement",Scored under the v2 Unsupported category at 25 points. This verdict measures demonstrated reliability and does not by itself establish deceptive intent.,A false rating establishes factual inaccuracy under the cited evidence; it does not by itself establish that Musk knowingly lied.,Factual assertion,FALSE,0.0,Yes
PUBLIC-010,2.0,2022-05-02,Public discourse,Media & Society,Media coverage,Factual Assertion,Said NBC News covered up the Hunter Biden laptop story.,Present-tense or retrospective claim,https://politifact.com/factchecks/2022/may/04/elon-musk/elon-musks-false-claim-nbc-news-covered-hunter-bid/,NBC News did cover the Hunter Biden laptop story,Established specialist fact-checker with linked original statement,2026-07-26,False,False,0,Yes,,Reliable evidence directly contradicted the central factual claim.,Yes,Evidence favors contradiction,Not applicable,Not applicable,False,Not established,"NBC News published and broadcast multiple reports about the laptop and related authentication questions, contradicting the claim of a cover-up.",https://politifact.com/factchecks/2022/may/04/elon-musk/elon-musks-false-claim-nbc-news-covered-hunter-bid/,NBC News did cover the Hunter Biden laptop story,https://politifact.com/personalities/elon-musk/,PolitiFact Elon Musk speaker scorecard,High,"Complete current PolitiFact Musk speaker-profile factual-claim corpus; this is a disputed-claims sample, not a random sample of everything Musk says","Established specialist fact-checker citing primary records, official data, experts, and the original Musk statement",Scored under the v2 False category at 0 points. This verdict measures demonstrated reliability and does not by itself establish deceptive intent.,A false rating establishes factual inaccuracy under the cited evidence; it does not by itself establish that Musk knowingly lied.,Factual assertion,FALSE,0.0,Yes
