record_id,statement_date,organization_or_domain,topic,statement_type,statement_paraphrase,target_date_or_timeframe,statement_source_url,statement_source_title,statement_source_tier,evaluation_date,verdict,deadline_result,eventual_fulfillment,factual_accuracy,binary_resolved_score,on_time_score,weighted_reliability_score,deception_intent_status,outcome_summary,outcome_source_1_url,outcome_source_1_title,outcome_source_2_url,outcome_source_2_title,confidence,included_in_site_percentage,selection_basis,source_quality_notes,methodology_notes
TESLA-001,2006-08-02,Tesla,Master plan,Promise,Build a high-end electric sports car as the first step in Tesla's product plan.,No explicit deadline,https://www.tesla.com/secret-master-plan,The Secret Tesla Motors Master Plan,Primary,2026-07-26,FULFILLED,No dated deadline,Yes,Not applicable,1,,1.0,Not established,Tesla put the Roadster into regular production in March 2008.,https://ir.tesla.com/press-release/tesla-motors-begins-regular-production-2008-tesla-roadster,Tesla Motors Begins Regular Production of 2008 Tesla Roadster,,,High,Yes,"High-impact, concrete, externally verifiable claim or dated commitment","Primary source and/or major wire, official record, or established fact-checker","A missed deadline is scored as a reliability failure, not automatically as a deliberate lie."
TESLA-002,2006-08-02,Tesla,Affordable EV,Promise,Use the initial car program to fund progressively more affordable electric cars.,No explicit deadline,https://www.tesla.com/secret-master-plan,The Secret Tesla Motors Master Plan,Primary,2026-07-26,FULFILLED,No dated deadline,Yes,Not applicable,1,,0.75,Not established,"Tesla eventually launched the mass-market Model 3, although the promised $35,000 version arrived after higher-priced versions.",https://www.reuters.com/article/world/tesla-debuts-35000-model-3-sees-loss-in-first-quarter-idUSKCN1QH2VM/,"Tesla debuts $35,000 Model 3",https://www.reuters.com/business/autos-transportation/elon-musks-late-unfulfilled-tesla-promises-2025-04-22/,Elon Musk's late and unfulfilled Tesla promises,High,Yes,"High-impact, concrete, externally verifiable claim or dated commitment","Primary source and/or major wire, official record, or established fact-checker","A missed deadline is scored as a reliability failure, not automatically as a deliberate lie."
TESLA-003,2006-08-02,Tesla,Solar energy,Promise,Offer zero-emission electric power generation options alongside electric cars.,No explicit deadline,https://www.tesla.com/secret-master-plan,The Secret Tesla Motors Master Plan,Primary,2026-07-26,PARTIALLY_FULFILLED,No dated deadline,Partial,Not applicable,,,0.5,Not established,"Tesla sells solar panels, Solar Roof and battery products, but the broad scale implied by the plan is not objectively measurable.",https://www.tesla.com/solarroof,Tesla Solar Roof,https://www.tesla.com/powerwall,Tesla Powerwall,Medium,No,"High-impact, concrete, externally verifiable claim or dated commitment","Primary source and/or major wire, official record, or established fact-checker",Broad strategic goals are not included in the percentage because success criteria are subjective.
TESLA-004,2008-03-17,Tesla,Model S,Dated promise,Deliver Tesla's next five-passenger sports sedan in 2010.,2010,https://ir.tesla.com/press-release/tesla-motors-begins-regular-production-2008-tesla-roadster,Tesla Motors Begins Regular Production of 2008 Tesla Roadster,Primary,2026-07-26,FULFILLED_LATE,Missed,Yes,Not applicable,1,0,0.5,Not established,"Customer deliveries of Model S began in June 2012, roughly two years after the stated year.",https://ir.tesla.com/press-release/tesla-motors-delivers-worlds-first-premium-electric-sedan,Tesla Motors Delivers World's First Premium Electric Sedan,,,High,Yes,"High-impact, concrete, externally verifiable claim or dated commitment","Primary source and/or major wire, official record, or established fact-checker","A missed deadline is scored as a reliability failure, not automatically as a deliberate lie."
TESLA-005,2013-03,Tesla,Model X,Dated promise,Begin Model X production in late 2014.,Late 2014,https://ir.tesla.com/_flysystem/s3/sec/000119312513096241/d452995d10k.html,Tesla 2012 Form 10-K,Primary filing,2026-07-26,FULFILLED_LATE,Missed,Yes,Not applicable,1,0,0.5,Not established,Model X deliveries began in September 2015.,https://ir.tesla.com/_flysystem/s3/sec/000156459019003165/tsla-10k_20181231-gen_0.pdf,Tesla 2018 Form 10-K,,,High,Yes,"High-impact, concrete, externally verifiable claim or dated commitment","Primary source and/or major wire, official record, or established fact-checker","A missed deadline is scored as a reliability failure, not automatically as a deliberate lie."
TESLA-006,2017-07-02,Tesla,Model 3 production,Dated promise,"Hand over the first 30 customer Model 3 vehicles on July 28, 2017.",2017-07-28,https://www.reuters.com/article/world/uk/factbox-tesla-ceo-elon-musks-promises-to-investors-idUSKBN1I500J/,Factbox: Tesla CEO Elon Musk's promises to investors,Tier 1 independent quoting Musk,2026-07-26,FULFILLED_ON_TIME,Met,Yes,Not applicable,1,1,1.0,Not established,"Tesla held the first Model 3 handover event on July 28, 2017.",https://www.reuters.com/article/world/uk/factbox-tesla-ceo-elon-musks-promises-to-investors-idUSKBN1I500J/,Factbox: Tesla CEO Elon Musk's promises to investors,,,High,Yes,"High-impact, concrete, externally verifiable claim or dated commitment","Primary source and/or major wire, official record, or established fact-checker","A missed deadline is scored as a reliability failure, not automatically as a deliberate lie."
TESLA-007,2017-07-02,Tesla,Model 3 production,Dated forecast,"Produce more than 1,500 Model 3 vehicles in September 2017.",2017-09,https://www.reuters.com/article/world/uk/factbox-tesla-ceo-elon-musks-promises-to-investors-idUSKBN1I500J/,Factbox: Tesla CEO Elon Musk's promises to investors,Tier 1 independent quoting Musk,2026-07-26,NOT_FULFILLED,Missed,No,Not applicable,0,0,0.0,Not established,Tesla produced only 260 Model 3 vehicles in the entire third quarter of 2017.,https://www.reuters.com/article/world/uk/factbox-tesla-ceo-elon-musks-promises-to-investors-idUSKBN1I500J/,Factbox: Tesla CEO Elon Musk's promises to investors,https://ir.tesla.com/press-release/tesla-q4-2017-vehicle-production-and-deliveries,Tesla Q4 2017 vehicle production and deliveries,High,Yes,"High-impact, concrete, externally verifiable claim or dated commitment","Primary source and/or major wire, official record, or established fact-checker","A missed deadline is scored as a reliability failure, not automatically as a deliberate lie."
TESLA-008,2017-07-02,Tesla,Model 3 production,Dated forecast,"Reach 20,000 Model 3 vehicles per month in December 2017.",2017-12,https://www.reuters.com/article/world/uk/factbox-tesla-ceo-elon-musks-promises-to-investors-idUSKBN1I500J/,Factbox: Tesla CEO Elon Musk's promises to investors,Tier 1 independent quoting Musk,2026-07-26,NOT_FULFILLED,Missed,No,Not applicable,0,0,0.0,Not established,"Tesla produced 2,425 Model 3 vehicles during the whole fourth quarter and ended the year near a 1,000-per-week rate.",https://ir.tesla.com/press-release/tesla-q4-2017-vehicle-production-and-deliveries,Tesla Q4 2017 vehicle production and deliveries,,,High,Yes,"High-impact, concrete, externally verifiable claim or dated commitment","Primary source and/or major wire, official record, or established fact-checker","A missed deadline is scored as a reliability failure, not automatically as a deliberate lie."
TESLA-009,2017-08-02,Tesla,Model 3 production,Dated forecast,"Reach a Model 3 production rate of 5,000 per week by the end of 2017.",2017-12-31,https://www.reuters.com/article/world/uk/factbox-tesla-ceo-elon-musks-promises-to-investors-idUSKBN1I500J/,Factbox: Tesla CEO Elon Musk's promises to investors,Tier 1 independent quoting Musk,2026-07-26,NOT_FULFILLED,Missed,No,Not applicable,0,0,0.0,Not established,"Tesla ended 2017 near 1,000 Model 3 vehicles per week.",https://ir.tesla.com/press-release/tesla-q4-2017-vehicle-production-and-deliveries,Tesla Q4 2017 vehicle production and deliveries,,,High,Yes,"High-impact, concrete, externally verifiable claim or dated commitment","Primary source and/or major wire, official record, or established fact-checker","A missed deadline is scored as a reliability failure, not automatically as a deliberate lie."
TESLA-010,2017-11-01,Tesla,Model 3 production,Revised dated forecast,"Reach approximately 5,000 Model 3 vehicles per week by late Q1 2018.",2018-03-31,https://www.reuters.com/article/world/uk/factbox-tesla-ceo-elon-musks-promises-to-investors-idUSKBN1I500J/,Factbox: Tesla CEO Elon Musk's promises to investors,Tier 1 independent quoting Musk,2026-07-26,NOT_FULFILLED,Missed,No,Not applicable,0,0,0.0,Not established,"Tesla reported a best week of 2,270 Model 3 vehicles before an April shutdown.",https://www.reuters.com/article/world/uk/factbox-tesla-ceo-elon-musks-promises-to-investors-idUSKBN1I500J/,Factbox: Tesla CEO Elon Musk's promises to investors,,,High,Yes,"High-impact, concrete, externally verifiable claim or dated commitment","Primary source and/or major wire, official record, or established fact-checker","A missed deadline is scored as a reliability failure, not automatically as a deliberate lie."
TESLA-011,2018-05-02,Tesla,Model 3 production,Revised dated forecast,"Reach 5,000 Model 3 vehicles per week by the end of Q2 2018.",2018-06-30,https://www.reuters.com/article/technology/timeline-tesla-ceo-elon-musks-promises-to-investors-idUSKBN1I500G/,Timeline: Tesla CEO Elon Musk's promises to investors,Tier 1 independent quoting Musk,2026-07-26,FULFILLED_LATE,Missed by hours,Yes,Not applicable,1,0,0.75,Not established,"Tesla reported 5,031 Model 3 vehicles in the final seven days of Q2, but Reuters reported the milestone was reached hours after the quarter-end deadline.",https://www.reuters.com/article/business/exclusive-tesla-hits-model-3-manufacturing-milestone-hours-after-deadline-fa-idUSKBN1JR1WX/,Tesla hits Model 3 manufacturing milestone hours after deadline,https://ir.tesla.com/press-release/tesla-q2-2018-vehicle-production-and-deliveries,Tesla Q2 2018 vehicle production and deliveries,High,Yes,"High-impact, concrete, externally verifiable claim or dated commitment","Primary source and/or major wire, official record, or established fact-checker","A missed deadline is scored as a reliability failure, not automatically as a deliberate lie."
TESLA-012,2018-07,Tesla,Model 3 production,Dated forecast,"Increase Model 3 production to 6,000 per week by late August 2018.",2018-08-31,https://www.reuters.com/article/technology/tesla-worried-by-china-tariffs-even-as-deliveries-surge-idUSKCN1MC1LY/,Tesla worried by China tariffs even as deliveries surge,Tier 1 independent quoting Musk,2026-07-26,NOT_FULFILLED,Missed,No,Not applicable,0,0,0.0,Not established,"Tesla averaged roughly 4,300 Model 3 vehicles per week in Q3 2018 rather than sustaining 6,000.",https://www.reuters.com/article/technology/tesla-worried-by-china-tariffs-even-as-deliveries-surge-idUSKCN1MC1LY/,Tesla worried by China tariffs even as deliveries surge,,,High,Yes,"High-impact, concrete, externally verifiable claim or dated commitment","Primary source and/or major wire, official record, or established fact-checker","A missed deadline is scored as a reliability failure, not automatically as a deliberate lie."
TESLA-013,2017-08-02,Tesla,Model 3 production,Dated forecast,"Reach 10,000 Model 3 vehicles per week toward the end of 2018.",2018-12-31,https://www.reuters.com/article/world/uk/factbox-tesla-ceo-elon-musks-promises-to-investors-idUSKBN1I500J/,Factbox: Tesla CEO Elon Musk's promises to investors,Tier 1 independent quoting Musk,2026-07-26,NOT_FULFILLED,Missed,No,Not applicable,0,0,0.0,Not established,"Tesla did not reach a sustained 10,000-per-week Model 3 production rate in 2018.",https://www.reuters.com/business/autos-transportation/elon-musks-late-unfulfilled-tesla-promises-2025-04-22/,Elon Musk's late and unfulfilled Tesla promises,,,High,Yes,"High-impact, concrete, externally verifiable claim or dated commitment","Primary source and/or major wire, official record, or established fact-checker","A missed deadline is scored as a reliability failure, not automatically as a deliberate lie."
TESLA-014,2016-04,Tesla,Annual production,Dated forecast,"Produce about 500,000 vehicles annually by 2020.",2020,https://www.reuters.com/article/us-tesla-model-idUSKCN0WY3JK/,"Tesla accelerates 500,000-car target to 2018",Tier 1 independent quoting Musk,2026-07-26,FULFILLED_ON_TIME,Met for production,Yes,Not applicable,1,1,1.0,Not established,"Tesla produced 509,737 vehicles in 2020; deliveries were 499,550.",https://ir.tesla.com/press-release/tesla-q4-2020-vehicle-production-deliveries,Tesla Q4 2020 vehicle production and deliveries,,,High,Yes,"High-impact, concrete, externally verifiable claim or dated commitment","Primary source and/or major wire, official record, or established fact-checker","A missed deadline is scored as a reliability failure, not automatically as a deliberate lie."
TESLA-015,2016-10-26,Tesla,Capital needs,Business commitment,Launch Model 3 without needing a capital raise.,Before Model 3 launch,https://www.reuters.com/article/technology/timeline-tesla-ceo-elon-musks-promises-to-investors-idUSKBN1I500G/,Timeline: Tesla CEO Elon Musk's promises to investors,Tier 1 independent quoting Musk,2026-07-26,NOT_FULFILLED,Missed,No,Not applicable,0,0,0.0,Not established,Tesla announced a roughly $1.15 billion stock and notes offering in March 2017 and later issued additional debt before Model 3 scaled.,https://www.reuters.com/article/technology/timeline-tesla-ceo-elon-musks-promises-to-investors-idUSKBN1I500G/,Timeline: Tesla CEO Elon Musk's promises to investors,,,High,Yes,"High-impact, concrete, externally verifiable claim or dated commitment","Primary source and/or major wire, official record, or established fact-checker","A missed deadline is scored as a reliability failure, not automatically as a deliberate lie."
TESLA-016,2018-05,Tesla,Profitability,Dated forecast,Become profitable in Q3 2018 and remain profitable on a sustained quarterly basis.,Starting Q3 2018,https://www.reuters.com/article/technology/timeline-tesla-ceo-elon-musks-promises-to-investors-idUSKBN1I500G/,Timeline: Tesla CEO Elon Musk's promises to investors,Tier 1 independent quoting Musk,2026-07-26,FULFILLED_LATE,Initial quarter met; sustained result late,Yes,Not applicable,1,0,0.5,Not established,Tesla posted Q3 2018 profit but did not maintain uninterrupted quarterly profitability until later; Reuters identifies sustained profits beginning after Q3 2019.,https://www.reuters.com/business/autos-transportation/elon-musks-late-unfulfilled-tesla-promises-2025-04-22/,Elon Musk's late and unfulfilled Tesla promises,,,High,Yes,"High-impact, concrete, externally verifiable claim or dated commitment","Primary source and/or major wire, official record, or established fact-checker","A missed deadline is scored as a reliability failure, not automatically as a deliberate lie."
TESLA-017,2016-03-31,Tesla,Model 3 price,Product promise,"Sell a base Model 3 for about $35,000.",At mass-market launch,https://www.reuters.com/business/autos-transportation/elon-musks-late-unfulfilled-tesla-promises-2025-04-22/,Elon Musk's late and unfulfilled Tesla promises,Tier 1 independent,2026-07-26,FULFILLED_LATE,Higher-priced versions first,Yes,Not applicable,1,0,0.75,Not established,"Tesla made a $35,000 Model 3 available in February 2019, after selling more expensive versions first.",https://www.reuters.com/article/world/tesla-debuts-35000-model-3-sees-loss-in-first-quarter-idUSKCN1QH2VM/,"Tesla debuts $35,000 Model 3",,,High,Yes,"High-impact, concrete, externally verifiable claim or dated commitment","Primary source and/or major wire, official record, or established fact-checker","A missed deadline is scored as a reliability failure, not automatically as a deliberate lie."
TESLA-018,2020-09-22,Tesla,Affordable EV,Dated promise,"Produce a fully autonomous Tesla costing about $25,000 in roughly three years.",Around 2023,https://www.reuters.com/business/autos-transportation/elon-musks-late-unfulfilled-tesla-promises-2025-04-22/,Elon Musk's late and unfulfilled Tesla promises,Tier 1 independent,2026-07-26,NOT_FULFILLED,Missed,No,Not applicable,0,0,0.0,Not established,"No $25,000 Tesla launched by 2023. Reuters reported the dedicated low-cost project was canceled, and Musk later called a human-driven $25,000 Tesla pointless.",https://www.reuters.com/business/autos-transportation/tesla-scraps-low-cost-car-plans-amid-fierce-chinese-ev-competition-2024-04-05/,Tesla scraps low-cost car plans,https://www.reuters.com/business/autos-transportation/musk-now-says-its-pointless-build-25000-tesla-human-drivers-2024-11-05/,"Musk says it is pointless to build a $25,000 Tesla for human drivers",High,Yes,"High-impact, concrete, externally verifiable claim or dated commitment","Primary source and/or major wire, official record, or established fact-checker","A missed deadline is scored as a reliability failure, not automatically as a deliberate lie."
TESLA-019,2024-04-05,Tesla,Low-cost car,Factual assertion,"Asserted that Reuters was lying when it reported Tesla had canceled the all-new $25,000 EV project.",Present-tense claim,https://www.reuters.com/business/autos-transportation/tesla-scraps-low-cost-car-plans-amid-fierce-chinese-ev-competition-2024-04-05/,Tesla scraps low-cost car plans,Tier 1 independent reproducing Musk's post,2026-07-26,FALSE_OR_UNSUPPORTED,Not applicable,No,False or unsupported,0,,0.0,Evidence suggesting knowledge; not judicially adjudicated,Reuters later reported that senior Tesla executives knew Musk had already canceled the project and questioned his public denial; Musk reportedly told them the project remained dead.,https://www.reuters.com/business/autos-transportation/tesla-executives-questioned-musk-after-he-denied-killing-25000-ev-project-2025-06-02/,"Tesla executives questioned Musk after he denied killing $25,000 EV project",https://www.reuters.com/business/autos-transportation/tesla-scraps-low-cost-car-plans-amid-fierce-chinese-ev-competition-2024-04-05/,Tesla scraps low-cost car plans,High,Yes,"High-impact, concrete, externally verifiable claim or dated commitment","Primary source and/or major wire, official record, or established fact-checker","This row has unusually strong evidence bearing on knowledge, but no court has adjudicated the statement as fraud."
TESLA-020,2015-12,Tesla,Full self-driving,Dated forecast,Tesla would achieve complete autonomous driving in about three years.,Around 2018,https://www.reuters.com/business/autos-transportation/elon-musks-late-unfulfilled-tesla-promises-2025-04-22/,Elon Musk's late and unfulfilled Tesla promises,Tier 1 independent,2026-07-26,NOT_FULFILLED,Missed,No,Not applicable,0,0,0.0,Not established,Tesla's consumer system remained supervised and required an attentive driver through the evaluation date.,https://www.tesla.com/support/fsd,Tesla Full Self-Driving (Supervised) support page,https://www.nytimes.com/interactive/2026/06/02/technology/elon-musk-promises-spacex-ipo.html,Elon Musk Laid Out 602 Goals. We Counted How Many He Hit,High,Yes,"High-impact, concrete, externally verifiable claim or dated commitment","Primary source and/or major wire, official record, or established fact-checker","A missed deadline is scored as a reliability failure, not automatically as a deliberate lie."
TESLA-021,2016-10-20,Tesla,Full self-driving,Dated promise,Demonstrate a fully self-driven Los Angeles-to-New York trip by the end of 2017.,2017-12-31,https://www.reuters.com/article/business/elon-musk-on-teslas-self-driving-capabilities-idUSKCN1RY0QX/,Elon Musk on Tesla's self-driving capabilities,Tier 1 independent quoting Musk,2026-07-26,NOT_FULFILLED,Missed,No,Not applicable,0,0,0.0,Not established,Tesla did not complete the promised autonomous cross-country demonstration by the deadline.,https://www.reuters.com/article/business/elon-musk-on-teslas-self-driving-capabilities-idUSKCN1RY0QX/,Elon Musk on Tesla's self-driving capabilities,https://www.nytimes.com/interactive/2026/06/02/technology/elon-musk-promises-spacex-ipo.html,Elon Musk Laid Out 602 Goals. We Counted How Many He Hit,High,Yes,"High-impact, concrete, externally verifiable claim or dated commitment","Primary source and/or major wire, official record, or established fact-checker","A missed deadline is scored as a reliability failure, not automatically as a deliberate lie."
TESLA-022,2018-02,Tesla,Full self-driving,Revised dated forecast,Complete the coast-to-coast autonomous drive in three to six months.,By roughly 2018-08,https://www.reuters.com/article/business/elon-musk-on-teslas-self-driving-capabilities-idUSKCN1RY0QX/,Elon Musk on Tesla's self-driving capabilities,Tier 1 independent quoting Musk,2026-07-26,NOT_FULFILLED,Missed,No,Not applicable,0,0,0.0,Not established,The coast-to-coast autonomous demonstration still did not occur in that window.,https://www.reuters.com/article/business/elon-musk-on-teslas-self-driving-capabilities-idUSKCN1RY0QX/,Elon Musk on Tesla's self-driving capabilities,,,High,Yes,"High-impact, concrete, externally verifiable claim or dated commitment","Primary source and/or major wire, official record, or established fact-checker","A missed deadline is scored as a reliability failure, not automatically as a deliberate lie."
TESLA-023,2018-06-10,Tesla,Full self-driving,Dated software promise,Begin enabling full self-driving features with Tesla Version 9 in the August 2018 update.,2018-08,https://archive.is/c2u4U,NYT audit transcript of Musk's dated business goals,Tier 1 independent transcription,2026-07-26,PARTIALLY_FULFILLED,Late and narrower than stated,Partial,Not applicable,,0,0.25,Not established,"Version 9 arrived later in 2018 with Navigate on Autopilot, but it remained a driver-assistance feature rather than full autonomous driving.",https://www.reuters.com/article/business/elon-musk-on-teslas-self-driving-capabilities-idUSKCN1RY0QX/,Elon Musk on Tesla's self-driving capabilities,https://www.tesla.com/support/fsd,Tesla Full Self-Driving (Supervised) support page,Medium-High,Yes,"High-impact, concrete, externally verifiable claim or dated commitment","Primary source and/or major wire, official record, or established fact-checker","A missed deadline is scored as a reliability failure, not automatically as a deliberate lie."
TESLA-024,2019-04-22,Tesla,Robotaxi,Dated forecast,Have one million Tesla robotaxis operating by the end of 2020.,2020-12-31,https://www.reuters.com/article/business/elon-musk-on-teslas-self-driving-capabilities-idUSKCN1RY0QX/,Elon Musk on Tesla's self-driving capabilities,Tier 1 independent quoting Musk,2026-07-26,NOT_FULFILLED,Missed,No,Not applicable,0,0,0.0,Not established,Tesla had no public driverless robotaxi network at the end of 2020.,https://www.reuters.com/business/autos-transportation/elon-musks-late-unfulfilled-tesla-promises-2025-04-22/,Elon Musk's late and unfulfilled Tesla promises,https://www.reuters.com/business/autos-transportation/tesla-tiptoes-into-long-promised-robotaxi-service-2025-06-22/,Tesla tiptoes into long-promised robotaxi service,High,Yes,"High-impact, concrete, externally verifiable claim or dated commitment","Primary source and/or major wire, official record, or established fact-checker","A missed deadline is scored as a reliability failure, not automatically as a deliberate lie."
TESLA-025,2019-04-22,Tesla,Robotaxi vehicle,Dated forecast,Produce a vehicle without a steering wheel or pedals in about two years.,Around 2021,https://www.reuters.com/article/business/elon-musk-on-teslas-self-driving-capabilities-idUSKCN1RY0QX/,Elon Musk on Tesla's self-driving capabilities,Tier 1 independent quoting Musk,2026-07-26,NOT_FULFILLED,Missed,No,Not applicable,0,0,0.0,Not established,Tesla did not produce such a vehicle by 2021; it unveiled a Cybercab prototype in 2024 and production remained future-dated.,https://www.reuters.com/business/autos-transportation/elon-musks-late-unfulfilled-tesla-promises-2025-04-22/,Elon Musk's late and unfulfilled Tesla promises,,,High,Yes,"High-impact, concrete, externally verifiable claim or dated commitment","Primary source and/or major wire, official record, or established fact-checker","A missed deadline is scored as a reliability failure, not automatically as a deliberate lie."
TESLA-026,2020-12-20,Tesla,FSD subscription,Dated promise,Release a monthly Full Self-Driving subscription early in 2021.,Early 2021,https://archive.is/c2u4U,NYT audit transcript of Musk's dated business goals,Tier 1 independent transcription,2026-07-26,FULFILLED_LATE,Late,Yes,Not applicable,1,0,0.75,Not established,Tesla launched the FSD subscription in July 2021.,https://www.tesla.com/support/fsd-subscription,Tesla Full Self-Driving subscription support,,,High,Yes,"High-impact, concrete, externally verifiable claim or dated commitment","Primary source and/or major wire, official record, or established fact-checker","A missed deadline is scored as a reliability failure, not automatically as a deliberate lie."
TESLA-027,2022-04-29,Tesla,FSD beta,Dated promise,Make FSD Beta available to all eligible North American customers later in 2022.,2022-12-31,https://archive.is/c2u4U,NYT audit transcript of Musk's dated business goals,Tier 1 independent transcription,2026-07-26,FULFILLED_ON_TIME,Met,Yes,Not applicable,1,1,1.0,Not established,"Musk announced broad North American availability in November 2022, although the product remained supervised beta software.",https://www.reuters.com/technology/elon-musk-says-tesla-full-self-driving-beta-now-available-north-america-2022-11-24/,Tesla FSD beta available to anyone in North America who requests it,https://www.tesla.com/support/fsd,Tesla Full Self-Driving (Supervised) support page,High,Yes,"High-impact, concrete, externally verifiable claim or dated commitment","Primary source and/or major wire, official record, or established fact-checker","A missed deadline is scored as a reliability failure, not automatically as a deliberate lie."
TESLA-028,2022-04,Tesla,Full self-driving,Dated forecast,Tesla would achieve self-driving technology ready for broad release by the end of 2022.,2022-12-31,https://www.reuters.com/business/autos-transportation/musk-expects-tesla-achieve-full-self-driving-this-year-2022-04-21/,Musk expects Tesla to achieve full self-driving this year,Tier 1 independent quoting Musk,2026-07-26,NOT_FULFILLED,Missed,No,Not applicable,0,0,0.0,Not established,Tesla's system still required active driver supervision at year-end and through the evaluation date.,https://www.tesla.com/support/fsd,Tesla Full Self-Driving (Supervised) support page,,,High,Yes,"High-impact, concrete, externally verifiable claim or dated commitment","Primary source and/or major wire, official record, or established fact-checker","A missed deadline is scored as a reliability failure, not automatically as a deliberate lie."
TESLA-029,2023,Tesla,Hardware 3 autonomy,Technical promise,Existing Tesla vehicles with Hardware 3 would be capable of unsupervised full self-driving.,No precise date; treated as capability commitment,https://archive.is/c2u4U,NYT audit of Musk business goals,Tier 1 independent transcription,2026-07-26,NOT_FULFILLED,Capability disclaimed in 2026,No,Not applicable,0,,0.0,Not established,In 2026 Musk acknowledged that Hardware 3 vehicles could not run the software needed for autonomous driving and said he wished it were otherwise.,https://www.nytimes.com/interactive/2026/06/02/technology/elon-musk-promises-spacex-ipo.html,Elon Musk Laid Out 602 Goals. We Counted How Many He Hit,,,High,Yes,"High-impact, concrete, externally verifiable claim or dated commitment","Primary source and/or major wire, official record, or established fact-checker","A missed deadline is scored as a reliability failure, not automatically as a deliberate lie."
TESLA-030,2025-03-31,Tesla,Robotaxi,Dated promise,Unsupervised Tesla rides would carry passengers in Austin in June 2025.,2025-06,https://archive.is/c2u4U,NYT audit transcript of Musk's dated business goals,Tier 1 independent transcription,2026-07-26,PARTIALLY_FULFILLED,Met in limited form,Partial,Not applicable,,1,0.75,Not established,"Tesla began a small, invitation-only paid service in Austin on June 22 with a limited zone and front-seat safety monitors.",https://www.reuters.com/business/autos-transportation/tesla-tiptoes-into-long-promised-robotaxi-service-2025-06-22/,Tesla tiptoes into long-promised robotaxi service,,,High,Yes,"High-impact, concrete, externally verifiable claim or dated commitment","Primary source and/or major wire, official record, or established fact-checker","A missed deadline is scored as a reliability failure, not automatically as a deliberate lie."
TESLA-031,2025-03-31,Tesla,Robotaxi expansion,Dated promise,Operate unsupervised Tesla passenger service in many U.S. cities by the end of 2025.,2025-12-31,https://archive.is/c2u4U,NYT audit transcript of Musk's dated business goals,Tier 1 independent transcription,2026-07-26,NOT_FULFILLED,Missed,No,Not applicable,0,0,0.0,Not established,"By July 2026 Tesla still operated limited, small fleets in only a handful of cities rather than many cities nationwide.",https://www.reuters.com/business/autos-transportation/teslas-once-bullish-tone-robotaxis-shifts-2026-07-23/,Tesla's once-bullish tone on robotaxis shifts,,,High,Yes,"High-impact, concrete, externally verifiable claim or dated commitment","Primary source and/or major wire, official record, or established fact-checker","A missed deadline is scored as a reliability failure, not automatically as a deliberate lie."
TESLA-032,2025-05-29,Tesla,Autonomous delivery,Dated promise,Complete the first autonomous factory-to-customer Model Y delivery in June 2025.,2025-06,https://archive.is/c2u4U,NYT audit transcript of Musk's dated business goals,Tier 1 independent transcription,2026-07-26,FULFILLED_ON_TIME,Met,Yes,Not applicable,1,1,1.0,Not established,"Tesla completed a Model Y self-delivery on June 27, one day before the date Musk had subsequently specified.",https://www.reuters.com/business/autos-transportation/tesla-completes-first-fully-autonomous-model-y-delivery-ahead-schedule-2025-06-27/,Tesla completes first fully autonomous Model Y delivery ahead of schedule,,,High,Yes,"High-impact, concrete, externally verifiable claim or dated commitment","Primary source and/or major wire, official record, or established fact-checker","A missed deadline is scored as a reliability failure, not automatically as a deliberate lie."
TESLA-033,2025-08-25,Tesla,Robotaxi safety driver,Dated promise,Remove the Austin robotaxi safety driver by the end of 2025.,2025-12-31,https://archive.is/c2u4U,NYT audit transcript of Musk's dated business goals,Tier 1 independent transcription,2026-07-26,FULFILLED_LATE,Missed deadline; achieved in 2026,Yes,Not applicable,1,0,0.5,Not established,"The New York Times reported that in 2026 Tesla offered rides without human safety monitors in Austin, Dallas and Houston.",https://www.nytimes.com/interactive/2026/06/02/technology/elon-musk-promises-spacex-ipo.html,Elon Musk Laid Out 602 Goals. We Counted How Many He Hit,,,High,Yes,"High-impact, concrete, externally verifiable claim or dated commitment","Primary source and/or major wire, official record, or established fact-checker","A missed deadline is scored as a reliability failure, not automatically as a deliberate lie."
TESLA-034,2019-11-21,Tesla,Cybertruck launch,Dated promise,Begin Cybertruck production and deliveries in late 2021.,Late 2021,https://www.reuters.com/business/autos-transportation/elon-musks-late-unfulfilled-tesla-promises-2025-04-22/,Elon Musk's late and unfulfilled Tesla promises,Tier 1 independent,2026-07-26,FULFILLED_LATE,About two years late,Yes,Not applicable,1,0,0.5,Not established,Initial customer deliveries began in November 2023.,https://www.reuters.com/business/autos-transportation/tesla-deliver-cybertrucks-after-musk-tempers-expectations-2023-11-30/,Tesla Cybertruck priced above initial estimate,,,High,Yes,"High-impact, concrete, externally verifiable claim or dated commitment","Primary source and/or major wire, official record, or established fact-checker","A missed deadline is scored as a reliability failure, not automatically as a deliberate lie."
TESLA-035,2019-11-21,Tesla,Cybertruck price,Product promise,"Offer an entry Cybertruck at about $39,900.",At launch,https://www.reuters.com/business/autos-transportation/elon-musks-late-unfulfilled-tesla-promises-2025-04-22/,Elon Musk's late and unfulfilled Tesla promises,Tier 1 independent,2026-07-26,NOT_FULFILLED,Missed,No,Not applicable,0,0,0.0,Not established,"Tesla announced a starting price of $60,990 at the 2023 delivery launch, over 50 percent above the original figure.",https://www.reuters.com/business/autos-transportation/tesla-deliver-cybertrucks-after-musk-tempers-expectations-2023-11-30/,Tesla Cybertruck priced above initial estimate,,,High,Yes,"High-impact, concrete, externally verifiable claim or dated commitment","Primary source and/or major wire, official record, or established fact-checker","A missed deadline is scored as a reliability failure, not automatically as a deliberate lie."
TESLA-036,2019-11-21,Tesla,Cybertruck range,Product promise,Offer a top Cybertruck with more than 500 miles of range.,At launch,https://www.reuters.com/business/autos-transportation/tesla-deliver-cybertrucks-after-musk-tempers-expectations-2023-11-30/,Tesla Cybertruck priced above initial estimate,Tier 1 independent,2026-07-26,NOT_FULFILLED,Missed,No,Not applicable,0,0,0.0,Not established,The longest-range launch configuration was rated around 340 miles; an optional extender was projected to reach roughly 470 miles.,https://www.reuters.com/business/autos-transportation/tesla-deliver-cybertrucks-after-musk-tempers-expectations-2023-11-30/,Tesla Cybertruck priced above initial estimate,,,High,Yes,"High-impact, concrete, externally verifiable claim or dated commitment","Primary source and/or major wire, official record, or established fact-checker","A missed deadline is scored as a reliability failure, not automatically as a deliberate lie."
TESLA-037,2017-11,Tesla,Tesla Semi,Dated promise,Begin Tesla Semi production in 2019.,2019,https://www.reuters.com/business/autos-transportation/elon-musks-late-unfulfilled-tesla-promises-2025-04-22/,Elon Musk's late and unfulfilled Tesla promises,Tier 1 independent,2026-07-26,FULFILLED_LATE,About three years late,Yes,Not applicable,1,0,0.5,Not established,Tesla made its first Semi customer deliveries in December 2022.,https://www.reuters.com/business/autos-transportation/teslas-semi-factory-nevada-have-first-trucks-production-by-end-2025-2025-04-28/,Tesla Semi factory to have first trucks in production by end of 2025,,,High,Yes,"High-impact, concrete, externally verifiable claim or dated commitment","Primary source and/or major wire, official record, or established fact-checker","A missed deadline is scored as a reliability failure, not automatically as a deliberate lie."
TESLA-038,2017-11,Tesla,Tesla Semi range,Product promise,Demonstrate a fully loaded Tesla Semi capable of 500 miles.,Before broad production,https://www.reuters.com/business/autos-transportation/elon-musks-late-unfulfilled-tesla-promises-2025-04-22/,Elon Musk's late and unfulfilled Tesla promises,Tier 1 independent,2026-07-26,FULFILLED,No clear deadline,Yes,Not applicable,1,,0.75,Not established,Tesla reported a 500-mile trip with a fully loaded Semi before first deliveries; independent detail is limited.,https://www.tesla.com/semi,Tesla Semi product page,https://www.reuters.com/business/autos-transportation/elon-musks-late-unfulfilled-tesla-promises-2025-04-22/,Elon Musk's late and unfulfilled Tesla promises,Medium-High,Yes,"High-impact, concrete, externally verifiable claim or dated commitment","Primary source and/or major wire, official record, or established fact-checker","Outcome is largely company-reported, so confidence is lower than for audited production figures."
TESLA-039,2022-12,Tesla,Tesla Semi volume,Dated forecast,"Produce 50,000 Tesla Semi trucks in 2024.",2024,https://www.reuters.com/business/autos-transportation/teslas-semi-factory-nevada-have-first-trucks-production-by-end-2025-2025-04-28/,Tesla Semi factory to have first trucks in production by end of 2025,Tier 1 independent quoting Musk,2026-07-26,NOT_FULFILLED,Missed,No,Not applicable,0,0,0.0,Not established,The target was missed; Tesla later said its dedicated Nevada factory would begin production only by the end of 2025 and ramp in 2026.,https://www.reuters.com/business/autos-transportation/teslas-semi-factory-nevada-have-first-trucks-production-by-end-2025-2025-04-28/,Tesla Semi factory to have first trucks in production by end of 2025,,,High,Yes,"High-impact, concrete, externally verifiable claim or dated commitment","Primary source and/or major wire, official record, or established fact-checker","A missed deadline is scored as a reliability failure, not automatically as a deliberate lie."
TESLA-040,2017-11,Tesla,Roadster,Dated promise,Start production of the next-generation Roadster in 2020.,2020,https://www.reuters.com/business/autos-transportation/elon-musks-late-unfulfilled-tesla-promises-2025-04-22/,Elon Musk's late and unfulfilled Tesla promises,Tier 1 independent,2026-07-26,NOT_FULFILLED,Missed,No,Not applicable,0,0,0.0,Not established,The Roadster did not enter production in 2020 and remained unreleased through the evaluation date.,https://www.reuters.com/business/autos-transportation/elon-musks-late-unfulfilled-tesla-promises-2025-04-22/,Elon Musk's late and unfulfilled Tesla promises,,,High,Yes,"High-impact, concrete, externally verifiable claim or dated commitment","Primary source and/or major wire, official record, or established fact-checker","A missed deadline is scored as a reliability failure, not automatically as a deliberate lie."
TESLA-041,2024,Tesla,Roadster,Revised dated promise,Ship the next-generation Roadster in 2025.,2025,https://www.reuters.com/business/autos-transportation/elon-musks-late-unfulfilled-tesla-promises-2025-04-22/,Elon Musk's late and unfulfilled Tesla promises,Tier 1 independent,2026-07-26,NOT_FULFILLED,Missed,No,Not applicable,0,0,0.0,Not established,The Roadster was not delivered in 2025 and remained unreleased by July 2026.,https://www.reuters.com/business/autos-transportation/elon-musks-late-unfulfilled-tesla-promises-2025-04-22/,Elon Musk's late and unfulfilled Tesla promises,https://www.nytimes.com/interactive/2026/06/02/technology/elon-musk-promises-spacex-ipo.html,Elon Musk Laid Out 602 Goals. We Counted How Many He Hit,High,Yes,"High-impact, concrete, externally verifiable claim or dated commitment","Primary source and/or major wire, official record, or established fact-checker","A missed deadline is scored as a reliability failure, not automatically as a deliberate lie."
TESLA-042,2019-07-30,Tesla,Solar Roof,Dated forecast,"Reach about 1,000 Solar Roof installations per week by the end of 2019.",2019-12-31,https://www.reuters.com/article/us-tesla-solarroof/tesla-ceo-says-company-aims-to-make-1000-solar-roofs-weekly-by-end-2019-idUSKCN1UP2EE/,"Tesla aims to make 1,000 solar roofs weekly by end-2019",Tier 1 independent quoting Musk,2026-07-26,NOT_FULFILLED,Missed,No,Not applicable,0,0,0.0,Not established,"Independent market estimates years later remained far below 1,000 installations per week.",https://www.reuters.com/business/autos-transportation/elon-musks-late-unfulfilled-tesla-promises-2025-04-22/,Elon Musk's late and unfulfilled Tesla promises,,,High,Yes,"High-impact, concrete, externally verifiable claim or dated commitment","Primary source and/or major wire, official record, or established fact-checker","A missed deadline is scored as a reliability failure, not automatically as a deliberate lie."
TESLA-043,2016-07-20,Tesla,Solar Roof and storage,Promise,Create a smoothly integrated solar-roof and battery product.,No explicit deadline,https://www.tesla.com/master-plan-part-deux,"Master Plan, Part Deux",Primary,2026-07-26,FULFILLED,No dated deadline,Yes,Not applicable,1,,1.0,Not established,Tesla sells Solar Roof integrated with Powerwall energy storage.,https://www.tesla.com/solarroof,Tesla Solar Roof,https://www.tesla.com/powerwall,Tesla Powerwall,High,Yes,"High-impact, concrete, externally verifiable claim or dated commitment","Primary source and/or major wire, official record, or established fact-checker","A missed deadline is scored as a reliability failure, not automatically as a deliberate lie."
TESLA-044,2016-07-20,Tesla,Tesla Semi,Dated promise,Unveil a heavy-duty truck the following year.,2017,https://www.tesla.com/master-plan-part-deux,"Master Plan, Part Deux",Primary,2026-07-26,FULFILLED_ON_TIME,Met,Yes,Not applicable,1,1,1.0,Not established,Tesla unveiled the Semi in November 2017.,https://www.tesla.com/blog/tesla-semi,Tesla Semi unveiled,,,High,Yes,"High-impact, concrete, externally verifiable claim or dated commitment","Primary source and/or major wire, official record, or established fact-checker","A missed deadline is scored as a reliability failure, not automatically as a deliberate lie."
TESLA-045,2016-07-20,Tesla,Urban transport,Dated promise,Unveil a high-passenger-density urban transport vehicle the following year.,2017,https://www.tesla.com/master-plan-part-deux,"Master Plan, Part Deux",Primary,2026-07-26,NOT_FULFILLED,Missed,No,Not applicable,0,0,0.0,Not established,Tesla did not unveil a bus or comparable high-density urban transport vehicle in 2017.,https://www.reuters.com/business/autos-transportation/elon-musks-late-unfulfilled-tesla-promises-2025-04-22/,Elon Musk's late and unfulfilled Tesla promises,https://www.nytimes.com/interactive/2026/06/02/technology/elon-musk-promises-spacex-ipo.html,Elon Musk Laid Out 602 Goals. We Counted How Many He Hit,High,Yes,"High-impact, concrete, externally verifiable claim or dated commitment","Primary source and/or major wire, official record, or established fact-checker","A missed deadline is scored as a reliability failure, not automatically as a deliberate lie."
TESLA-046,2016-07-20,Tesla,Tesla Network,Conditional promise,Let owners add autonomous Teslas to a shared fleet and earn money when true self-driving was approved.,Conditional on regulatory approval and full autonomy,https://www.tesla.com/master-plan-part-deux,"Master Plan, Part Deux",Primary,2026-07-26,PENDING,Condition not met,Pending,Not applicable,,,,Not established,"The owner-operated Tesla Network has not launched, but the promise was expressly conditional on autonomy and regulatory approval.",https://www.tesla.com/support/fsd,Tesla Full Self-Driving (Supervised) support page,https://www.reuters.com/business/autos-transportation/teslas-once-bullish-tone-robotaxis-shifts-2026-07-23/,Tesla's once-bullish tone on robotaxis shifts,High,No,"High-impact, concrete, externally verifiable claim or dated commitment","Primary source and/or major wire, official record, or established fact-checker",Conditional promise excluded from percentage until its condition is met or Tesla abandons it.
TESLA-047,2020,Tesla,Vehicle volume,Long-range goal,Produce 20 million vehicles annually by 2030.,2030,https://www.reuters.com/business/autos-transportation/elon-musks-late-unfulfilled-tesla-promises-2025-04-22/,Elon Musk's late and unfulfilled Tesla promises,Tier 1 independent,2026-07-26,PENDING,Future target,Pending,Not applicable,,,,Not established,"The deadline is still future, although Tesla stopped highlighting the 20-million target in later impact reporting.",https://www.reuters.com/business/autos-transportation/tesla-drops-20-million-vehicle-production-target-impact-report-2024-05-23/,Tesla drops 20 million vehicle production target from impact report,,,High,No,"High-impact, concrete, externally verifiable claim or dated commitment","Primary source and/or major wire, official record, or established fact-checker",Future claims are excluded from resolved percentages.
TESLA-048,2021-08,Tesla,Optimus robot,Dated promise,Show a working Tesla Bot prototype in 2022.,2022,https://www.reuters.com/technology/tesla-unveils-optimus-robot-prototype-targets-price-under-20000-2022-10-01/,Tesla unveils Optimus robot prototype,Tier 1 independent,2026-07-26,FULFILLED_ON_TIME,Met,Yes,Not applicable,1,1,1.0,Not established,Tesla demonstrated an early walking Optimus prototype in September 2022.,https://www.reuters.com/technology/tesla-unveils-optimus-robot-prototype-targets-price-under-20000-2022-10-01/,Tesla unveils Optimus robot prototype,,,High,Yes,"High-impact, concrete, externally verifiable claim or dated commitment","Primary source and/or major wire, official record, or established fact-checker","A missed deadline is scored as a reliability failure, not automatically as a deliberate lie."
TESLA-049,2024,Tesla,Optimus deployment,Dated forecast,Use Optimus robots for useful internal Tesla tasks in 2025 and sell them externally in 2026.,Internal use 2025; external sales 2026,https://www.reuters.com/business/autos-transportation/musk-says-tesla-have-humanoid-robots-internal-use-next-year-2024-07-22/,Musk says Tesla to have humanoid robots in internal use next year,Tier 1 independent quoting Musk,2026-07-26,PARTIALLY_FULFILLED,2025 internal-use evidence limited; 2026 external target pending,Partial,Not applicable,,0,0.25,Not established,"Public evidence of meaningful 2025 factory deployment was limited, while the external-sales deadline had not fully elapsed by the evaluation date.",https://www.nytimes.com/interactive/2026/06/02/technology/elon-musk-promises-spacex-ipo.html,Elon Musk Laid Out 602 Goals. We Counted How Many He Hit,,,Medium,No,"High-impact, concrete, externally verifiable claim or dated commitment","Primary source and/or major wire, official record, or established fact-checker",Mixed multi-part claim excluded from headline percentage until the 2026 portion matures.
TESLA-050,2018-08-07,Tesla,Taking Tesla private,Factual assertion,Stated that funding was secured to take Tesla private at $420 per share.,Present-tense claim,https://www.sec.gov/newsroom/press-releases/2018-219,SEC charges Elon Musk with securities fraud,Official regulator reproducing statement,2026-07-26,FALSE_OR_UNSUPPORTED,Not applicable,No,False or unsupported,0,,0.0,"Contested; SEC alleged fraud, settlement had no admission, and a 2023 jury found no investor liability",Tesla was not taken private. The SEC alleged the funding was not secured; Musk and Tesla settled without admitting or denying wrongdoing. A separate civil jury later found Musk not liable to investors.,https://www.sec.gov/newsroom/press-releases/2018-226,Elon Musk settles SEC fraud charges; Tesla charged with and resolves securities law charge,https://www.nytimes.com/interactive/2026/06/02/technology/elon-musk-promises-spacex-ipo.html,Elon Musk Laid Out 602 Goals. We Counted How Many He Hit,High,Yes,"High-impact, concrete, externally verifiable claim or dated commitment","Primary source and/or major wire, official record, or established fact-checker","Do not label this a proven lie. The underlying financing claim was unsupported, but intent and legal liability were contested."
SPACEX-001,2011,SpaceX,Mars,Dated forecast,Reach Mars in about 10 years.,Around 2021,https://archive.is/c2u4U,NYT audit of Musk business goals,Tier 1 independent transcription,2026-07-26,NOT_FULFILLED,Missed earliest estimate,No,Not applicable,0,0,0.0,Not established,SpaceX had not sent a spacecraft to Mars by 2021 or by the evaluation date.,https://www.nytimes.com/interactive/2026/06/02/technology/elon-musk-promises-spacex-ipo.html,Elon Musk Laid Out 602 Goals. We Counted How Many He Hit,,,High,Yes,"High-impact, concrete, externally verifiable claim or dated commitment","Primary source and/or major wire, official record, or established fact-checker","A missed deadline is scored as a reliability failure, not automatically as a deliberate lie."
SPACEX-002,2011,SpaceX,Mars,Long-range forecast,Reach Mars within 15 to 20 years in the worst case.,2026 to 2031,https://archive.is/c2u4U,NYT audit of Musk business goals,Tier 1 independent transcription,2026-07-26,PENDING,Window partly open,Pending,Not applicable,,,,Not established,"The earliest edge of the stated worst-case window had arrived, but the full window runs through roughly 2031.",https://www.nytimes.com/interactive/2026/06/02/technology/elon-musk-promises-spacex-ipo.html,Elon Musk Laid Out 602 Goals. We Counted How Many He Hit,,,High,No,"High-impact, concrete, externally verifiable claim or dated commitment","Primary source and/or major wire, official record, or established fact-checker",Excluded because the stated range has not fully elapsed.
SPACEX-003,2012-07-12,SpaceX,Human Mars mission,Dated forecast,"People would reach Mars in 12 to 15 years, and in less than 20 years.",Most likely 2024 to 2027; outer bound 2032,https://archive.is/c2u4U,NYT audit transcript of Musk's Mars goals,Tier 1 independent transcription,2026-07-26,PENDING,Most-likely window nearly elapsed; outer bound future,Pending,Not applicable,,,,Not established,"No human has reached Mars, but the most-likely window does not fully expire until July 2027 and the broader outer bound is later.",https://www.nytimes.com/interactive/2026/06/02/technology/elon-musk-promises-spacex-ipo.html,Elon Musk Laid Out 602 Goals. We Counted How Many He Hit,,,High,No,"High-impact, concrete, externally verifiable claim or dated commitment","Primary source and/or major wire, official record, or established fact-checker",Excluded until the stated window expires.
SPACEX-004,2019-09-28,SpaceX,Starship orbital flight,Dated forecast,Send Starship to orbit in less than six months.,By roughly 2020-03,https://www.reuters.com/article/lifestyle/science/elon-musk-unveils-new-mars-rocket-prototype-expects-missions-in-months-idUSKBN1WE0OF/,Musk unveils Starship prototype and expects missions in months,Tier 1 independent quoting Musk,2026-07-26,FULFILLED_LATE,About three years late,Yes,Not applicable,1,0,0.5,Not established,The first integrated Starship flight test occurred in April 2023 and did not complete a full orbit.,https://www.reuters.com/business/aerospace-defense/elon-musks-spacex-launches-debut-flight-starship-rocket-system-2023-04-20/,SpaceX launches debut flight of Starship rocket system,,,High,Yes,"High-impact, concrete, externally verifiable claim or dated commitment","Primary source and/or major wire, official record, or established fact-checker","A missed deadline is scored as a reliability failure, not automatically as a deliberate lie."
SPACEX-005,2019-09-28,SpaceX,Starship crewed flight,Dated forecast,Fly people on Starship in the following year.,2020,https://www.reuters.com/article/lifestyle/science/elon-musk-unveils-new-mars-rocket-prototype-expects-missions-in-months-idUSKBN1WE0OF/,Musk unveils Starship prototype and expects missions in months,Tier 1 independent quoting Musk,2026-07-26,NOT_FULFILLED,Missed,No,Not applicable,0,0,0.0,Not established,Starship had not carried people by 2020 or by the evaluation date.,https://www.reuters.com/business/aerospace-defense/elon-musks-spacex-launches-debut-flight-starship-rocket-system-2023-04-20/,SpaceX launches debut flight of Starship rocket system,https://www.nytimes.com/interactive/2026/06/02/technology/elon-musk-promises-spacex-ipo.html,Elon Musk Laid Out 602 Goals. We Counted How Many He Hit,High,Yes,"High-impact, concrete, externally verifiable claim or dated commitment","Primary source and/or major wire, official record, or established fact-checker","A missed deadline is scored as a reliability failure, not automatically as a deliberate lie."
SPACEX-006,2022-02-10,SpaceX,Starship orbital flight,Dated forecast,Starship would reach orbit during 2022.,2022-12-31,https://www.reuters.com/lifestyle/science/spacex-chief-elon-musk-highly-confident-his-starship-will-reach-orbit-this-year-2022-02-11/,Musk highly confident Starship will reach orbit this year,Tier 1 independent quoting Musk,2026-07-26,FULFILLED_LATE,Missed by several months,Yes,Not applicable,1,0,0.75,Not established,The first integrated Starship test flight occurred in April 2023.,https://www.reuters.com/business/aerospace-defense/elon-musks-spacex-launches-debut-flight-starship-rocket-system-2023-04-20/,SpaceX launches debut flight of Starship rocket system,,,High,Yes,"High-impact, concrete, externally verifiable claim or dated commitment","Primary source and/or major wire, official record, or established fact-checker","A missed deadline is scored as a reliability failure, not automatically as a deliberate lie."
SPACEX-007,2022-08-22,SpaceX,Starship orbital flight,Repeated dated goal,Make Starship reach orbit by the end of 2022.,2022-12-31,https://archive.is/c2u4U,NYT audit transcript of Musk's dated business goals,Tier 1 independent transcription,2026-07-26,FULFILLED_LATE,Missed by several months,Yes,Not applicable,1,0,0.75,Not established,The first integrated flight occurred in April 2023.,https://www.reuters.com/business/aerospace-defense/elon-musks-spacex-launches-debut-flight-starship-rocket-system-2023-04-20/,SpaceX launches debut flight of Starship rocket system,,,High,Yes,Repeated public deadline included because the project was explicitly re-promised,"Primary source and/or major wire, official record, or established fact-checker","A missed deadline is scored as a reliability failure, not automatically as a deliberate lie."
SPACEX-008,2022-02-10,SpaceX,Starship manufacturing,Dated forecast,Build a new Starship and booster every month by the end of 2022.,2022-12-31,https://www.reuters.com/lifestyle/science/spacex-chief-elon-musk-highly-confident-his-starship-will-reach-orbit-this-year-2022-02-11/,Musk highly confident Starship will reach orbit this year,Tier 1 independent quoting Musk,2026-07-26,UNCLEAR,Public evidence insufficient,Unclear,Not applicable,,,,Not established,SpaceX did not publish enough standardized manufacturing data to verify whether a complete new ship-and-booster set was produced every month.,https://www.reuters.com/lifestyle/science/spacex-chief-elon-musk-highly-confident-his-starship-will-reach-orbit-this-year-2022-02-11/,Musk highly confident Starship will reach orbit this year,,,Medium,No,"High-impact, concrete, externally verifiable claim or dated commitment","Primary source and/or major wire, official record, or established fact-checker",Excluded because production cadence is not independently verifiable from public data.
SPACEX-009,2018-09,SpaceX,dearMoon,Dated promise,Fly Japanese billionaire Yusaku Maezawa and artists around the Moon in 2023.,2023,https://www.reuters.com/lifestyle/science/spacex-chief-elon-musk-highly-confident-his-starship-will-reach-orbit-this-year-2022-02-11/,Musk highly confident Starship will reach orbit this year,Tier 1 independent,2026-07-26,NOT_FULFILLED,Missed and canceled,No,Not applicable,0,0,0.0,Not established,The mission did not fly in 2023 and Maezawa canceled it in 2024 because the schedule remained uncertain.,https://www.reuters.com/technology/space/japanese-billionaire-maezawa-dearmoon-mission-cancels-moon-flyby-2024-06-01/,Japanese billionaire Maezawa cancels dearMoon mission,,,High,Yes,"High-impact, concrete, externally verifiable claim or dated commitment","Primary source and/or major wire, official record, or established fact-checker","A missed deadline is scored as a reliability failure, not automatically as a deliberate lie."
SPACEX-010,2023-04-20,SpaceX,Starship second flight,Dated forecast,Launch Starship's second flight in roughly six weeks after the first integrated test.,Around 2023-06,https://archive.is/c2u4U,NYT audit transcript of Musk's dated business goals,Tier 1 independent transcription,2026-07-26,FULFILLED_LATE,About five months late,Yes,Not applicable,1,0,0.5,Not established,"Starship's second integrated flight launched on November 18, 2023.",https://www.spacex.com/launches/mission/?missionId=starship-flight-2,SpaceX Starship Flight 2,,,High,Yes,"High-impact, concrete, externally verifiable claim or dated commitment","Primary source and/or major wire, official record, or established fact-checker","A missed deadline is scored as a reliability failure, not automatically as a deliberate lie."
SPACEX-011,2024-03,SpaceX,Mars,Long-range forecast,Starship would reach Mars within five years.,By roughly 2029,https://archive.is/c2u4U,NYT audit transcript of Musk's Mars goals,Tier 1 independent transcription,2026-07-26,PENDING,Future target,Pending,Not applicable,,,,Not established,The deadline remains in the future.,https://www.nytimes.com/interactive/2026/06/02/technology/elon-musk-promises-spacex-ipo.html,Elon Musk Laid Out 602 Goals. We Counted How Many He Hit,,,High,No,"High-impact, concrete, externally verifiable claim or dated commitment","Primary source and/or major wire, official record, or established fact-checker","A missed deadline is scored as a reliability failure, not automatically as a deliberate lie."
SPACEX-012,2024-04,SpaceX,Mars city,Long-range forecast,One million people would live on Mars in about 20 years.,Around 2044,https://archive.is/c2u4U,NYT audit transcript of Musk's Mars goals,Tier 1 independent transcription,2026-07-26,PENDING,Future target,Pending,Not applicable,,,,Not established,The target is decades in the future and cannot yet be scored.,https://www.nytimes.com/interactive/2026/06/02/technology/elon-musk-promises-spacex-ipo.html,Elon Musk Laid Out 602 Goals. We Counted How Many He Hit,,,High,No,"High-impact, concrete, externally verifiable claim or dated commitment","Primary source and/or major wire, official record, or established fact-checker","A missed deadline is scored as a reliability failure, not automatically as a deliberate lie."
SPACEX-013,2024-11-20,SpaceX,Uncrewed Mars mission,Dated forecast,Send several uncrewed Starships to Mars in two years.,Around 2026-11,https://archive.is/c2u4U,NYT audit transcript of Musk's Mars goals,Tier 1 independent transcription,2026-07-26,PENDING,Future target,Pending,Not applicable,,,,Not established,The target date had not arrived by the evaluation date.,https://www.nytimes.com/interactive/2026/06/02/technology/elon-musk-promises-spacex-ipo.html,Elon Musk Laid Out 602 Goals. We Counted How Many He Hit,,,High,No,"High-impact, concrete, externally verifiable claim or dated commitment","Primary source and/or major wire, official record, or established fact-checker","A missed deadline is scored as a reliability failure, not automatically as a deliberate lie."
SPACEX-014,2024-11-20,SpaceX,Crewed Mars mission,Dated forecast,"If the uncrewed missions succeeded, send crewed ships to Mars in four years.",Around 2028-11,https://archive.is/c2u4U,NYT audit transcript of Musk's Mars goals,Tier 1 independent transcription,2026-07-26,PENDING,Conditional and future,Pending,Not applicable,,,,Not established,The deadline and prerequisite remain in the future.,https://www.nytimes.com/interactive/2026/06/02/technology/elon-musk-promises-spacex-ipo.html,Elon Musk Laid Out 602 Goals. We Counted How Many He Hit,,,High,No,"High-impact, concrete, externally verifiable claim or dated commitment","Primary source and/or major wire, official record, or established fact-checker","A missed deadline is scored as a reliability failure, not automatically as a deliberate lie."
SPACEX-015,2025-03-15,SpaceX,Uncrewed Mars mission,Dated forecast,Launch Starship toward Mars at the end of 2026 carrying an Optimus robot.,End of 2026,https://archive.is/c2u4U,NYT audit transcript of Musk's Mars goals,Tier 1 independent transcription,2026-07-26,PENDING,Future target,Pending,Not applicable,,,,Not established,The target date had not arrived by July 2026.,https://www.nytimes.com/interactive/2026/06/02/technology/elon-musk-promises-spacex-ipo.html,Elon Musk Laid Out 602 Goals. We Counted How Many He Hit,,,High,No,"High-impact, concrete, externally verifiable claim or dated commitment","Primary source and/or major wire, official record, or established fact-checker","A missed deadline is scored as a reliability failure, not automatically as a deliberate lie."
SPACEX-016,2025-03-15,SpaceX,Human Mars landing,Dated forecast,"Begin human Mars landings as early as 2029, with 2031 more likely.",2029 to 2031,https://archive.is/c2u4U,NYT audit transcript of Musk's Mars goals,Tier 1 independent transcription,2026-07-26,PENDING,Future target,Pending,Not applicable,,,,Not established,The stated window remains in the future.,https://www.nytimes.com/interactive/2026/06/02/technology/elon-musk-promises-spacex-ipo.html,Elon Musk Laid Out 602 Goals. We Counted How Many He Hit,,,High,No,"High-impact, concrete, externally verifiable claim or dated commitment","Primary source and/or major wire, official record, or established fact-checker","A missed deadline is scored as a reliability failure, not automatically as a deliberate lie."
SPACEX-017,2019-10,SpaceX,Crew Dragon,Dated forecast,Have Crew Dragon hardware ready for a crewed launch within roughly three to four months.,Early 2020,https://www.reuters.com/article/us-space-spacex-musk/spacex-ceo-musk-says-crew-dragon-capsule-will-be-ready-in-three-to-four-months-idUSKBN1WH1LN/,Musk says Crew Dragon capsule will be ready in three to four months,Tier 1 independent quoting Musk,2026-07-26,FULFILLED_LATE,Crewed launch occurred in May 2020,Yes,Not applicable,1,0,0.75,Not established,"NASA and SpaceX launched Demo-2 with astronauts on May 30, 2020, several months beyond the shortest reading of the forecast.",https://www.nasa.gov/mission/nasas-spacex-demo-2/,NASA's SpaceX Demo-2 mission,,,High,Yes,"High-impact, concrete, externally verifiable claim or dated commitment","Primary source and/or major wire, official record, or established fact-checker","A missed deadline is scored as a reliability failure, not automatically as a deliberate lie."
SPACEX-018,2017,SpaceX,Falcon Heavy,Dated forecast,Launch Falcon Heavy during 2017 after repeated schedule revisions.,2017,https://www.nasa.gov/history/5-years-ago-first-flight-of-the-falcon-heavy-rocket/,"NASA: Five years ago, first flight of Falcon Heavy",Official retrospective,2026-07-26,FULFILLED_LATE,Missed by weeks,Yes,Not applicable,1,0,0.75,Not established,"Falcon Heavy's first flight occurred on February 6, 2018.",https://www.nasa.gov/history/5-years-ago-first-flight-of-the-falcon-heavy-rocket/,"NASA: Five years ago, first flight of Falcon Heavy",,,Medium-High,Yes,"High-impact, concrete, externally verifiable claim or dated commitment","Primary source and/or major wire, official record, or established fact-checker",The precise 2017 promise was reported repeatedly; NASA supplies the definitive outcome date.
X-001,2022-10-28,X / Twitter,Content moderation council,Dated procedural promise,Create a diverse content-moderation council and make no major content decisions or account reinstatements before it convened.,Before major moderation decisions or reinstatements,https://www.reuters.com/markets/deals/elon-musk-says-twitter-will-create-content-moderation-council-2022-10-28/,Musk says Twitter will create content moderation council,Tier 1 independent quoting Musk,2026-07-26,NOT_FULFILLED,Reinstatements occurred first,No,Not applicable,0,0,0.0,Not established,"Musk reinstated major accounts, including Donald Trump's, before any announced council convened; Twitter later dissolved its existing Trust and Safety Council.",https://www.reuters.com/technology/elon-musk-says-twitter-provide-amnesty-some-suspended-accounts-starting-next-2022-11-24/,Musk says Twitter to provide amnesty to some suspended accounts,https://www.reuters.com/technology/twitter-dissolves-trust-safety-council-2022-12-13/,Twitter dissolves Trust and Safety Council,High,Yes,"High-impact, concrete, externally verifiable claim or dated commitment","Primary source and/or major wire, official record, or established fact-checker","A missed deadline is scored as a reliability failure, not automatically as a deliberate lie."
X-002,2022-11-06,X / Twitter,ElonJet account,Promise,"Keep the account tracking his private jet online despite the personal-safety risk, as evidence of his free-speech commitment.",No deadline; ongoing commitment,https://politifact.com/factchecks/2022/dec/19/elon-musk/elon-musk-said-he-wouldnt-ban-the-twitter-account/,Musk said he would not ban the Twitter account tracking his jet,Established specialist fact-checker linking the original post,2026-07-26,PROMISE_REVERSED,Reversed within weeks,No,Not applicable,0,,0.0,Not established,"Twitter suspended @ElonJet on December 14, 2022. PolitiFact classified the reversal as a Full Flop.",https://politifact.com/factchecks/2022/dec/19/elon-musk/elon-musk-said-he-wouldnt-ban-the-twitter-account/,Musk said he would not ban the Twitter account tracking his jet,,,High,Yes,Complete current PolitiFact Musk speaker-profile promise-reversal entry,"Primary source and/or major wire, official record, or established fact-checker","A missed deadline is scored as a reliability failure, not automatically as a deliberate lie."
X-003,2022-12-16,X / Twitter,Suspended journalists,Poll-linked promise,Restore suspended journalists immediately after an X poll favored reinstatement.,Immediately after poll,https://www.reuters.com/technology/elon-musks-twitter-suspension-journalists-draws-global-backlash-2022-12-16/,Musk restores Twitter accounts of journalists,Tier 1 independent quoting Musk and documenting outcome,2026-07-26,FULFILLED_ON_TIME,Met,Yes,Not applicable,1,1,1.0,Not established,The accounts of several suspended journalists were restored after the poll result.,https://www.reuters.com/technology/elon-musks-twitter-suspension-journalists-draws-global-backlash-2022-12-16/,Musk restores Twitter accounts of journalists,,,High,Yes,"High-impact, concrete, externally verifiable claim or dated commitment","Primary source and/or major wire, official record, or established fact-checker","A missed deadline is scored as a reliability failure, not automatically as a deliberate lie."
X-004,2023-03,X / Twitter,Recommendation algorithm,Dated transparency promise,"Publish Twitter's content-recommendation code on March 31, 2023.",2023-03-31,https://www.reuters.com/technology/twitter-makes-content-recommendation-code-public-2023-03-31/,Twitter makes some of its source code public,Tier 1 independent quoting Musk,2026-07-26,PARTIALLY_FULFILLED,Date met; scope narrower than implied,Partial,Not applicable,,1,0.75,Not established,"Twitter published parts of the recommendation code on March 31, but Reuters described the release as only part of the relevant code.",https://www.reuters.com/technology/twitter-makes-content-recommendation-code-public-2023-03-31/,Twitter makes some of its source code public,https://github.com/twitter/the-algorithm,Twitter's public algorithm repository,High,No,"High-impact, concrete, externally verifiable claim or dated commitment","Primary source and/or major wire, official record, or established fact-checker",Excluded from binary headline scoring because the date was met but the promised scope was only partial.
X-005,2023-03-31,X / Twitter,Recommendation algorithm,Dated follow-up promise,Make the entirety of the recommendation code public within the next few weeks.,April 2023,https://www.reuters.com/technology/twitter-makes-content-recommendation-code-public-2023-03-31/,Twitter makes some of its source code public,Tier 1 independent quoting Musk,2026-07-26,NOT_FULFILLED,Missed,No,Not applicable,0,0,0.0,Not established,No documented complete release followed within weeks; X announced another broad open-source release nearly three years later.,https://www.reuters.com/business/media-telecom/musks-x-open-source-new-algorithm-seven-days-2026-01-10/,Musk's X to open source new algorithm in seven days,https://techcrunch.com/2026/01/20/x-open-sources-its-algorithm-while-facing-a-transparency-fine-and-grok-controversies/,X open sources its algorithm in 2026,High,Yes,"High-impact, concrete, externally verifiable claim or dated commitment","Primary source and/or major wire, official record, or established fact-checker","A missed deadline is scored as a reliability failure, not automatically as a deliberate lie."
X-006,2026-01-10,X / Twitter,Recommendation algorithm,Dated promise,"Open-source the new X recommendation algorithm, including organic and advertising recommendation code, within seven days.",2026-01-17,https://www.reuters.com/business/media-telecom/musks-x-open-source-new-algorithm-seven-days-2026-01-10/,Musk's X to open source new algorithm in seven days,Tier 1 independent quoting Musk,2026-07-26,FULFILLED_LATE,About three days late,Yes,Not applicable,1,0,0.75,Not established,"X released the code on January 20, 2026, approximately ten days after the promise and three days beyond the stated seven-day deadline.",https://techcrunch.com/2026/01/20/x-open-sources-its-algorithm-while-facing-a-transparency-fine-and-grok-controversies/,X open sources its algorithm while facing transparency scrutiny,https://github.com/twitter/the-algorithm,X algorithm repository,High,Yes,"High-impact, concrete, externally verifiable claim or dated commitment","Primary source and/or major wire, official record, or established fact-checker","A missed deadline is scored as a reliability failure, not automatically as a deliberate lie."
X-007,2026-01-10,X / Twitter,Recommendation algorithm,Recurring promise,Publish algorithm updates and detailed developer notes every four weeks for the foreseeable future.,Every four weeks beginning in 2026,https://www.reuters.com/business/media-telecom/musks-x-open-source-new-algorithm-seven-days-2026-01-10/,Musk's X to open source new algorithm in seven days,Tier 1 independent quoting Musk,2026-07-26,UNCLEAR,Insufficient public audit trail,Unclear,Not applicable,,,,Not established,"A repository exists, but a reliable independent month-by-month audit of complete four-week disclosures was not available for this version of the dataset.",https://github.com/twitter/the-algorithm,X algorithm repository,,,Medium,No,"High-impact, concrete, externally verifiable claim or dated commitment","Primary source and/or major wire, official record, or established fact-checker",Recurring claims require a reproducible commit-history audit before scoring.
X-008,2023-08-05,X / Twitter,Legal support for users,Open-ended promise,"Pay legal bills, with no stated limit, for users unfairly treated by employers because of posts or likes on X.",Ongoing,https://www.reuters.com/legal/musks-x-fund-legal-bills-people-treated-unfairly-due-posting-platform-2023-08-06/,Musk's X to pay legal bills of people treated unfairly for posting,Tier 1 independent quoting Musk,2026-07-26,PARTIALLY_FULFILLED,At least one prominent case funded,Partial,Not applicable,,,0.5,Not established,"X paid Gina Carano's legal bills in her case against Disney, and the dispute later settled. The universal, no-limit wording cannot be verified for all eligible users.",https://www.reuters.com/legal/government/elon-musks-x-taps-small-dc-law-firm-free-speech-battles-2024-02-08/,X pays Gina Carano's legal bills,https://www.reuters.com/legal/litigation/disney-settles-lawsuit-with-fired-mandalorian-actress-gina-carano-2025-08-07/,Disney settles Gina Carano lawsuit,High,No,"High-impact, concrete, externally verifiable claim or dated commitment","Primary source and/or major wire, official record, or established fact-checker","Counted as concrete partial performance, but excluded from binary scoring because the promise had undefined eligibility and unlimited scope."
X-009,2022-11-06,X / Twitter,Information accuracy,Aspirational mission statement,Make Twitter by far the most accurate source of information about the world.,No measurable deadline,https://www.reuters.com/technology/twitter-handles-engaging-impersonation-without-clearly-specifying-will-be-2022-11-06/,Musk says Twitter's mission is to become the most accurate information source,Tier 1 independent quoting Musk,2026-07-26,UNSCORABLE,No operational metric or deadline,Unclear,Unclear,,,,Not established,"The statement supplies neither a measurable definition of accuracy nor a deadline, so a pass/fail determination would be subjective.",https://www.reuters.com/technology/twitter-handles-engaging-impersonation-without-clearly-specifying-will-be-2022-11-06/,Musk says Twitter's mission is to become the most accurate information source,,,High,No,"High-impact, concrete, externally verifiable claim or dated commitment","Primary source and/or major wire, official record, or established fact-checker",Aspirational slogans are retained for context but excluded from all percentages.
X-010,2022-12-20,X / Twitter,CEO succession,Conditional promise,Step down as Twitter chief executive after finding a successor.,When a successor was found,https://www.reuters.com/technology/musk-says-he-will-step-down-twitter-ceo-once-he-finds-successor-2022-12-21/,Musk says he will step down as Twitter CEO once he finds a successor,Tier 1 independent quoting Musk,2026-07-26,FULFILLED,Condition met in 2023,Yes,Not applicable,1,,1.0,Not established,Musk appointed Linda Yaccarino as CEO in May 2023 and moved to executive chair and chief technology officer roles.,https://www.reuters.com/business/autos-transportation/xs-tumultuous-journey-under-elon-musk-2025-07-09/,X's tumultuous journey under Elon Musk,,,High,Yes,"High-impact, concrete, externally verifiable claim or dated commitment","Primary source and/or major wire, official record, or established fact-checker","A missed deadline is scored as a reliability failure, not automatically as a deliberate lie."
X-011,2022-11-24,X / Twitter,Account amnesty,Dated promise,"Begin a general amnesty for suspended accounts the following week, excluding illegal activity and egregious spam.",Week beginning 2022-11-28,https://www.reuters.com/technology/elon-musk-says-twitter-provide-amnesty-some-suspended-accounts-starting-next-2022-11-24/,Musk says Twitter to provide amnesty to some suspended accounts,Tier 1 independent quoting Musk,2026-07-26,PARTIALLY_FULFILLED,Reinstatements occurred on schedule; boundaries remained inconsistent,Partial,Not applicable,,1,0.75,Not established,"Reuters reported by December 12 that Musk had reinstated accounts under a general amnesty, although the scale and consistent application of the exceptions were not independently auditable.",https://www.reuters.com/world/lgbtq-africans-fight-twitter-hate-speech-after-musks-takeover--trfn-2022-12-12/,LGBTQ+ Africans fight Twitter hate speech after Musk takeover,https://www.reuters.com/technology/twitter-introduce-new-controls-ad-placements-email-2022-12-09/,Twitter says amnesty excludes bad actors and illegal activity,Medium-High,No,"High-impact, concrete, externally verifiable claim or dated commitment","Primary source and/or major wire, official record, or established fact-checker","Date performance is scored, but the undefined scope keeps it out of binary resolved scoring."
NEURALINK-001,2019-07,Neuralink,Human trials,Dated forecast,Obtain regulatory approval for human brain-implant trials by the end of 2020.,2020-12-31,https://www.reuters.com/technology/elon-musks-missed-deadlines-fda-approval-neuralink-brain-chip-trials-2023-03-02/,Musk's missed Neuralink FDA deadlines,Tier 1 investigative reporting reconstructing the statement,2026-07-26,FULFILLED_LATE,About two and a half years late,Yes,Not applicable,1,0,0.5,Not established,"The FDA cleared Neuralink's first-in-human study in May 2023, well after the 2020 target.",https://www.reuters.com/science/elon-musks-neuralink-gets-us-fda-approval-human-clinical-study-brain-implants-2023-05-25/,Neuralink wins FDA clearance for first human study,,,High,Yes,"High-impact, concrete, externally verifiable claim or dated commitment","Primary source and/or major wire, official record, or established fact-checker","A missed deadline is scored as a reliability failure, not automatically as a deliberate lie."
NEURALINK-002,2021-02,Neuralink,Human trials,Dated forecast,Begin initial human trials later in 2021 if safety work and FDA discussions went well.,2021-12-31,https://www.reuters.com/technology/elon-musks-missed-deadlines-fda-approval-neuralink-brain-chip-trials-2023-03-02/,Musk's missed Neuralink FDA deadlines,Tier 1 investigative reporting quoting Musk,2026-07-26,FULFILLED_LATE,More than two years late,Yes,Not applicable,1,0,0.5,Not established,Neuralink did not begin its first human implant trial until 2024.,https://www.reuters.com/technology/neuralink-implants-brain-chip-first-human-musk-says-2024-01-29/,Neuralink implants brain chip in first human,https://www.reuters.com/legal/litigation/elon-musks-neuralink-says-it-has-21-participants-enrolled-trials-2026-01-28/,Neuralink reports 21 trial participants in 2026,High,Yes,"High-impact, concrete, externally verifiable claim or dated commitment","Primary source and/or major wire, official record, or established fact-checker","A missed deadline is scored as a reliability failure, not automatically as a deliberate lie."
NEURALINK-003,2022-04,Neuralink,First human implant,Dated aspirational forecast,Perform Neuralink's first human implant during 2022.,2022-12-31,https://www.reuters.com/technology/elon-musks-missed-deadlines-fda-approval-neuralink-brain-chip-trials-2023-03-02/,Musk's missed Neuralink FDA deadlines,Tier 1 investigative reporting quoting Musk,2026-07-26,FULFILLED_LATE,About thirteen months late,Yes,Not applicable,1,0,0.5,Not established,"The first human implant occurred in January 2024, after the 2022 target.",https://www.reuters.com/technology/neuralink-implants-brain-chip-first-human-musk-says-2024-01-29/,Neuralink implants brain chip in first human,,,High,Yes,"High-impact, concrete, externally verifiable claim or dated commitment","Primary source and/or major wire, official record, or established fact-checker","A missed deadline is scored as a reliability failure, not automatically as a deliberate lie."
NEURALINK-004,2022-11-30,Neuralink,Human trials,Dated forecast,Begin human clinical trials within six months.,By 2023-05-31,https://www.reuters.com/technology/elon-musk-says-expects-neuralink-begin-human-trials-six-months-2022-12-01/,Musk expects Neuralink human trials in six months,Tier 1 independent quoting Musk,2026-07-26,FULFILLED_LATE,FDA clearance arrived at deadline; implantation began about eight months later,Yes,Not applicable,1,0,0.75,Not established,"FDA clearance came in May 2023, but the first participant was implanted in January 2024, so actual human testing began later than six months.",https://www.reuters.com/science/elon-musks-neuralink-gets-us-fda-approval-human-clinical-study-brain-implants-2023-05-25/,Neuralink wins FDA clearance,https://www.reuters.com/technology/neuralink-implants-brain-chip-first-human-musk-says-2024-01-29/,Neuralink implants first human,High,Yes,"High-impact, concrete, externally verifiable claim or dated commitment","Primary source and/or major wire, official record, or established fact-checker","A missed deadline is scored as a reliability failure, not automatically as a deliberate lie."
NEURALINK-005,2024-01-29,Neuralink,Telepathy product capability,Capability claim,The first Neuralink product would let users control a phone or computer by thought.,No explicit deadline,https://www.reuters.com/technology/neuralink-implants-brain-chip-first-human-musk-says-2024-01-29/,Neuralink implants brain chip in first human,Tier 1 independent quoting Musk,2026-07-26,FULFILLED,Demonstrated in first participant,Yes,Not applicable,1,,1.0,Not established,The first participant controlled a computer cursor and later played online chess using the implant.,https://www.reuters.com/business/healthcare-pharmaceuticals/neuralinks-first-human-patient-able-control-mouse-through-thinking-musk-says-2024-02-20/,First Neuralink patient controls mouse by thought,https://www.reuters.com/business/healthcare-pharmaceuticals/neuralink-shows-first-brain-chip-patient-playing-online-chess-2024-03-21/,Neuralink patient plays online chess by thought,High,Yes,"High-impact, concrete, externally verifiable claim or dated commitment","Primary source and/or major wire, official record, or established fact-checker","A missed deadline is scored as a reliability failure, not automatically as a deliberate lie."
NEURALINK-006,2026-01-01,Neuralink,Manufacturing and surgery,Dated forecast,Begin high-volume implant production and fully automated surgery during 2026.,2026-12-31,https://www.reuters.com/business/healthcare-pharmaceuticals/musk-says-neuralink-start-high-volume-production-interface-devices-by-2026-2026-01-01/,Musk says Neuralink plans high-volume production by 2026,Tier 1 independent quoting Musk,2026-07-26,PENDING,Deadline still open,Pending,Not applicable,,,,Not established,"The 2026 deadline had not elapsed by the evaluation date. Neuralink reported 21 enrolled trial participants in January 2026, but that does not establish high-volume production or fully automated surgery.",https://www.reuters.com/legal/litigation/elon-musks-neuralink-says-it-has-21-participants-enrolled-trials-2026-01-28/,Neuralink reports 21 trial participants,,,High,No,"High-impact, concrete, externally verifiable claim or dated commitment","Primary source and/or major wire, official record, or established fact-checker",Future target excluded until the calendar year closes and evidence is available.
BORING-001,2018,The Boring Company,Hawthorne test tunnel,Dated promise,"Open the first Los Angeles-area test tunnel on December 10, 2018.",2018-12-10,https://www.reuters.com/article/world/elon-musk-unveils-his-first-los-angeles-area-tunnel-idUSKBN1OI03Q/,Musk unveils first Los Angeles-area tunnel,Tier 1 independent documenting statement and outcome,2026-07-26,FULFILLED_LATE,Eight days late,Yes,Not applicable,1,0,0.75,Not established,"The tunnel was unveiled on December 18, 2018, eight days after the announced opening date.",https://www.reuters.com/article/world/elon-musk-unveils-his-first-los-angeles-area-tunnel-idUSKBN1OI03Q/,Musk unveils first Los Angeles-area tunnel,,,High,Yes,"High-impact, concrete, externally verifiable claim or dated commitment","Primary source and/or major wire, official record, or established fact-checker","A missed deadline is scored as a reliability failure, not automatically as a deliberate lie."
BORING-002,2018-12-18,The Boring Company,Public tunnel rides,Dated promise,Offer free rides to the public in the Hawthorne tunnel in the coming months.,Early 2019,https://www.reuters.com/article/world/elon-musk-unveils-his-first-los-angeles-area-tunnel-idUSKBN1OI03Q/,Musk unveils first Los Angeles-area tunnel,Tier 1 independent quoting Musk,2026-07-26,NOT_FULFILLED,No sustained public service documented,No,Not applicable,0,0,0.0,Not established,The Hawthorne tunnel remained a test facility rather than becoming a regular free public transport service.,https://www.boringcompany.com/projects,The Boring Company project list,https://www.nytimes.com/interactive/2026/06/02/technology/elon-musk-promises-spacex-ipo.html,NYT audit of Musk's dated business goals,Medium-High,Yes,"High-impact, concrete, externally verifiable claim or dated commitment","Primary source and/or major wire, official record, or established fact-checker",One-off demonstrations are not treated as the promised continuing public service.
BORING-003,2018-06,The Boring Company,Chicago airport tunnel,Dated forecast,"Begin drilling the Chicago airport express tunnel within three to four months, subject to approvals.",September to October 2018,https://www.reuters.com/article/world/us-chicago-mayor-meets-with-dot-officials-on-musks-tunnel-project-idUSKBN1JO2CS/,Chicago mayor meets DOT officials on Musk tunnel project,Tier 1 independent quoting Musk,2026-07-26,NOT_FULFILLED,Missed; project never broke ground,No,Not applicable,0,0,0.0,Not established,The Chicago project did not begin drilling and was never built.,https://www.boringcompany.com/projects,The Boring Company project list,https://www.nytimes.com/interactive/2026/06/02/technology/elon-musk-promises-spacex-ipo.html,NYT audit of Musk's dated business goals,High,Yes,"High-impact, concrete, externally verifiable claim or dated commitment","Primary source and/or major wire, official record, or established fact-checker","Although approvals were a stated dependency, the public schedule did not materialize and the project was abandoned."
BORING-004,2018-06,The Boring Company,Chicago airport tunnel,Dated forecast,Make the Chicago airport express operational 18 to 24 months after drilling began.,Roughly 2020 to 2021,https://www.reuters.com/article/world/us-chicago-mayor-meets-with-dot-officials-on-musks-tunnel-project-idUSKBN1JO2CS/,Chicago mayor meets DOT officials on Musk tunnel project,Tier 1 independent quoting Musk,2026-07-26,NOT_FULFILLED,Missed; project never built,No,Not applicable,0,0,0.0,Not established,No Chicago airport tunnel service opened.,https://www.boringcompany.com/projects,The Boring Company project list,https://www.nytimes.com/interactive/2026/06/02/technology/elon-musk-promises-spacex-ipo.html,NYT audit of Musk's dated business goals,High,Yes,"High-impact, concrete, externally verifiable claim or dated commitment","Primary source and/or major wire, official record, or established fact-checker","A missed deadline is scored as a reliability failure, not automatically as a deliberate lie."
BORING-005,2017-07-20,The Boring Company,New York to Washington tunnel,Factual assertion,Said he had received verbal U.S. government approval for an underground New York-to-Washington route.,Present-tense claim,https://www.axios.com/2017/12/15/white-house-didnt-give-elon-musk-verbal-approval-for-tunnel-project-1513306894,White House did not give Musk verbal approval for tunnel project,Independent reporting quoting White House adviser,2026-07-26,FALSE_OR_UNSUPPORTED,Not applicable,No,False or unsupported,0,,0.0,Not established,"A White House adviser said Musk had received expressions of excitement, not government approval; formal approvals had not been granted.",https://www.axios.com/2017/12/15/white-house-didnt-give-elon-musk-verbal-approval-for-tunnel-project-1513306894,White House did not give Musk verbal approval for tunnel project,,,High,Yes,"High-impact, concrete, externally verifiable claim or dated commitment","Primary source and/or major wire, official record, or established fact-checker","A missed deadline is scored as a reliability failure, not automatically as a deliberate lie."
PUBLIC-001,2025-11-04,Public discourse,Elections,Factual assertion,Said New York City's ballot was a scam because mayoral candidates appeared twice.,Present-tense or retrospective claim,https://politifact.com/factchecks/2025/nov/04/elon-musk/new-york-city-mayor-election-ballot-fusion/,"Listing candidates twice is fusion voting, not a scam",Established specialist fact-checker with linked original statement,2026-07-26,FALSE,Not applicable,No,False (False),0,,0.0,Not established,Candidates appeared on multiple party lines under New York's longstanding fusion-voting system; voters could still vote for each candidate only once.,https://politifact.com/factchecks/2025/nov/04/elon-musk/new-york-city-mayor-election-ballot-fusion/,"Listing candidates twice is fusion voting, not a scam",https://politifact.com/personalities/elon-musk/,PolitiFact Elon Musk speaker scorecard,High,Yes,"Complete current PolitiFact Musk speaker-profile factual-claim corpus; this is a disputed-claims sample, not a random sample of everything Musk says","Established specialist fact-checker citing primary records, official data, experts, and the original Musk statement",A false rating establishes factual inaccuracy under the cited evidence; it does not by itself establish that Musk knowingly lied.
PUBLIC-002,2025-02-28,Public discourse,Social Security,Factual assertion,Called Social Security the biggest Ponzi scheme of all time.,Present-tense or retrospective claim,https://politifact.com/factchecks/2025/mar/19/elon-musk/is-social-security-a-ponzi-scheme-fact-checking-el/,Is Social Security a Ponzi scheme?,Established specialist fact-checker with linked original statement,2026-07-26,FALSE,Not applicable,No,False (False),0,,0.0,Not established,"PolitiFact found the analogy materially misleading because Social Security is a legally authorized public social-insurance program with transparent financing, not a fraudulent investment scheme.",https://politifact.com/factchecks/2025/mar/19/elon-musk/is-social-security-a-ponzi-scheme-fact-checking-el/,Is Social Security a Ponzi scheme?,https://politifact.com/personalities/elon-musk/,PolitiFact Elon Musk speaker scorecard,High,Yes,"Complete current PolitiFact Musk speaker-profile factual-claim corpus; this is a disputed-claims sample, not a random sample of everything Musk says","Established specialist fact-checker citing primary records, official data, experts, and the original Musk statement",A false rating establishes factual inaccuracy under the cited evidence; it does not by itself establish that Musk knowingly lied.
PUBLIC-003,2025-02-20,Public discourse,Immigration and elections,Factual assertion,Said President Biden's immigration policy was a giant voter-importation scam.,Present-tense or retrospective claim,https://politifact.com/factchecks/2025/feb/21/elon-musk/fact-check-elon-musk-cpac-bidens-immigration-polic/,No evidence of a Biden voter-importation plan,Established specialist fact-checker with linked original statement,2026-07-26,FALSE,Not applicable,No,False (Pants on Fire),0,,0.0,Not established,PolitiFact found no evidence of a plan to import voters; noncitizens cannot lawfully vote in federal elections and naturalization generally takes years.,https://politifact.com/factchecks/2025/feb/21/elon-musk/fact-check-elon-musk-cpac-bidens-immigration-polic/,No evidence of a Biden voter-importation plan,https://politifact.com/personalities/elon-musk/,PolitiFact Elon Musk speaker scorecard,High,Yes,"Complete current PolitiFact Musk speaker-profile factual-claim corpus; this is a disputed-claims sample, not a random sample of everything Musk says","Established specialist fact-checker citing primary records, official data, experts, and the original Musk statement",A false rating establishes factual inaccuracy under the cited evidence; it does not by itself establish that Musk knowingly lied.
PUBLIC-004,2025-02-10,Public discourse,FEMA funding,Factual assertion,Said FEMA sent $59 million in disaster-relief money to luxury New York hotels for migrants.,Present-tense or retrospective claim,https://politifact.com/factchecks/2025/feb/14/elon-musk/fema-did-not-give-disaster-relief-money-to-new-yor/,FEMA did not divert disaster relief money to luxury hotels,Established specialist fact-checker with linked original statement,2026-07-26,FALSE,Not applicable,No,False (False),0,,0.0,Not established,"The funding came from a separate congressionally appropriated migrant-shelter program, not FEMA's disaster-relief fund.",https://politifact.com/factchecks/2025/feb/14/elon-musk/fema-did-not-give-disaster-relief-money-to-new-yor/,FEMA did not divert disaster relief money to luxury hotels,https://politifact.com/personalities/elon-musk/,PolitiFact Elon Musk speaker scorecard,High,Yes,"Complete current PolitiFact Musk speaker-profile factual-claim corpus; this is a disputed-claims sample, not a random sample of everything Musk says","Established specialist fact-checker citing primary records, official data, experts, and the original Musk statement",A false rating establishes factual inaccuracy under the cited evidence; it does not by itself establish that Musk knowingly lied.
PUBLIC-005,2024-11-13,Public discourse,Pennsylvania election,Factual assertion,Said Senator Bob Casey was trying to change the election outcome by counting noncitizen votes.,Present-tense or retrospective claim,https://politifact.com/factchecks/2024/nov/19/elon-musk/no-democrat-bob-casey-is-not-asking-to-count-nonci/,Bob Casey was not asking to count noncitizen votes,Established specialist fact-checker with linked original statement,2026-07-26,FALSE,Not applicable,No,False (False),0,,0.0,Not established,"The litigation concerned provisional ballots with date or signature defects from otherwise eligible voters, not ballots cast by noncitizens.",https://politifact.com/factchecks/2024/nov/19/elon-musk/no-democrat-bob-casey-is-not-asking-to-count-nonci/,Bob Casey was not asking to count noncitizen votes,https://politifact.com/personalities/elon-musk/,PolitiFact Elon Musk speaker scorecard,High,Yes,"Complete current PolitiFact Musk speaker-profile factual-claim corpus; this is a disputed-claims sample, not a random sample of everything Musk says","Established specialist fact-checker citing primary records, official data, experts, and the original Musk statement",A false rating establishes factual inaccuracy under the cited evidence; it does not by itself establish that Musk knowingly lied.
PUBLIC-006,2024-10-02,Public discourse,CBP One and immigration,Factual assertion,Said CBP One approval took under five minutes with no documentation and included free government flights into the United States.,Present-tense or retrospective claim,https://politifact.com/factchecks/2024/oct/04/elon-musk/unpacking-elon-musks-false-claim-about-cbp-one-app/,"CBP One claim about approval, documents and flights was false",Established specialist fact-checker with linked original statement,2026-07-26,FALSE,Not applicable,No,False (False),0,,0.0,Not established,"PolitiFact found that the process required biographical and identity information, screening and an in-person appointment; the app itself did not grant immigration status or free flights.",https://politifact.com/factchecks/2024/oct/04/elon-musk/unpacking-elon-musks-false-claim-about-cbp-one-app/,"CBP One claim about approval, documents and flights was false",https://politifact.com/personalities/elon-musk/,PolitiFact Elon Musk speaker scorecard,High,Yes,"Complete current PolitiFact Musk speaker-profile factual-claim corpus; this is a disputed-claims sample, not a random sample of everything Musk says","Established specialist fact-checker citing primary records, official data, experts, and the original Musk statement",A false rating establishes factual inaccuracy under the cited evidence; it does not by itself establish that Musk knowingly lied.
PUBLIC-007,2024-02-26,Public discourse,Immigration and elections,Factual assertion,Said Democrats avoid deportations because every undocumented migrant is a highly likely future vote.,Present-tense or retrospective claim,https://politifact.com/factchecks/2024/mar/06/elon-musk/fact-check-elon-musks-claim-that-democrats-are-avo/,Claim that Democrats avoid deportations to win elections was false,Established specialist fact-checker with linked original statement,2026-07-26,FALSE,Not applicable,No,False (False),0,,0.0,Not established,"The claim lacked evidence, ignored deportations under Democratic administrations and conflated undocumented status with future citizenship and voting eligibility.",https://politifact.com/factchecks/2024/mar/06/elon-musk/fact-check-elon-musks-claim-that-democrats-are-avo/,Claim that Democrats avoid deportations to win elections was false,https://politifact.com/personalities/elon-musk/,PolitiFact Elon Musk speaker scorecard,High,Yes,"Complete current PolitiFact Musk speaker-profile factual-claim corpus; this is a disputed-claims sample, not a random sample of everything Musk says","Established specialist fact-checker citing primary records, official data, experts, and the original Musk statement",A false rating establishes factual inaccuracy under the cited evidence; it does not by itself establish that Musk knowingly lied.
PUBLIC-008,2024-02-16,Public discourse,Hormonal birth control,Factual assertion,"Said there was clear scientific consensus that hormonal birth control causes weight gain, doubles depression risk and triples suicide risk.",Present-tense or retrospective claim,https://politifact.com/factchecks/2024/feb/23/elon-musk/elon-musk-says-theres-scientific-consensus-on-birt/,No such clear scientific consensus exists,Established specialist fact-checker with linked original statement,2026-07-26,FALSE,Not applicable,No,False (False),0,,0.0,Not established,Evidence is mixed and method-dependent; experts rejected the claim of a clear consensus and the stated universal risk multipliers.,https://politifact.com/factchecks/2024/feb/23/elon-musk/elon-musk-says-theres-scientific-consensus-on-birt/,No such clear scientific consensus exists,https://politifact.com/personalities/elon-musk/,PolitiFact Elon Musk speaker scorecard,High,Yes,"Complete current PolitiFact Musk speaker-profile factual-claim corpus; this is a disputed-claims sample, not a random sample of everything Musk says","Established specialist fact-checker citing primary records, official data, experts, and the original Musk statement",A false rating establishes factual inaccuracy under the cited evidence; it does not by itself establish that Musk knowingly lied.
PUBLIC-009,2024-02-02,Public discourse,Immigration and elections,Factual assertion,Said Biden's strategy was to bring in as many undocumented immigrants as possible and legalize them to create a permanent political majority.,Present-tense or retrospective claim,https://politifact.com/factchecks/2024/feb/06/elon-musk/elon-musk-is-wrong-to-say-joe-biden-is-recruiting/,No evidence Biden was recruiting immigrants to create a permanent majority,Established specialist fact-checker with linked original statement,2026-07-26,FALSE,Not applicable,No,False (False),0,,0.0,Not established,"PolitiFact found no evidence of such a strategy and noted the long, uncertain path from unauthorized entry to citizenship and voting eligibility.",https://politifact.com/factchecks/2024/feb/06/elon-musk/elon-musk-is-wrong-to-say-joe-biden-is-recruiting/,No evidence Biden was recruiting immigrants to create a permanent majority,https://politifact.com/personalities/elon-musk/,PolitiFact Elon Musk speaker scorecard,High,Yes,"Complete current PolitiFact Musk speaker-profile factual-claim corpus; this is a disputed-claims sample, not a random sample of everything Musk says","Established specialist fact-checker citing primary records, official data, experts, and the original Musk statement",A false rating establishes factual inaccuracy under the cited evidence; it does not by itself establish that Musk knowingly lied.
PUBLIC-010,2022-05-02,Public discourse,Media coverage,Factual assertion,Said NBC News covered up the Hunter Biden laptop story.,Present-tense or retrospective claim,https://politifact.com/factchecks/2022/may/04/elon-musk/elon-musks-false-claim-nbc-news-covered-hunter-bid/,NBC News did cover the Hunter Biden laptop story,Established specialist fact-checker with linked original statement,2026-07-26,FALSE,Not applicable,No,False (False),0,,0.0,Not established,"NBC News published and broadcast multiple reports about the laptop and related authentication questions, contradicting the claim of a cover-up.",https://politifact.com/factchecks/2022/may/04/elon-musk/elon-musks-false-claim-nbc-news-covered-hunter-bid/,NBC News did cover the Hunter Biden laptop story,https://politifact.com/personalities/elon-musk/,PolitiFact Elon Musk speaker scorecard,High,Yes,"Complete current PolitiFact Musk speaker-profile factual-claim corpus; this is a disputed-claims sample, not a random sample of everything Musk says","Established specialist fact-checker citing primary records, official data, experts, and the original Musk statement",A false rating establishes factual inaccuracy under the cited evidence; it does not by itself establish that Musk knowingly lied.
